Loan ID,BorrCity,BorrState,BorrZip,CDC_City,CDC_State,CDC_Zip,ThirdPartyLender_City,ThirdPartyLender_State,ThirdPartyDollars,GrossApproval,ApprovalDate,ApprovalFiscalYear,DeliveryMethod,InitialInterestRate,Missing Rate?,TermInMonths,NaicsCode,ProjectCounty,ProjectState,BusinessType,LoanStatus,ChargeOffDate,GrossChargeOffAmount,BorrRegion,NaicsTrimmed,Cont_ApprovalDate,TotalLoanAmount,LossRatio,LoanAge,BorrSameCDC,ProjectSameBorr
28316,BLAIRSTOWN,IA,52209,Johnston,IA,50131,NA,NA,NA,618000,10/5/1999,2000,ALP,3.25,1,240,112112,BENTON,IA,CORPORATION,0,NA,0,Midwest,11,3564,618000,NA,240,YES,YES
28362,FERNLEY,NV,89408,Las Vegas,NV,89144,NA,NA,NA,416000,10/12/1999,2000,ALP,3.25,1,240,NA,LYON,NV,CORPORATION,0,NA,0,West,NA,3571,416000,NA,240,YES,YES
28388,"YAKIMA,",WA,98903,Seattle,WA,98168,NA,NA,NA,183000,10/14/1999,2000,504,3.25,1,240,NA,YAKIMA,WA,CORPORATION,0,NA,0,West,NA,3573,183000,NA,240,YES,YES
28393,PUEBLO WEST,CO,81007,Pueblo,CO,81003,NA,NA,NA,284000,10/14/1999,2000,504,3.25,1,240,811192,PUEBLO,CO,CORPORATION,0,NA,0,West,81,3573,284000,NA,240,YES,YES
28466,ELKHART,IN,46514,Indianapolis,IN,46240,NA,NA,NA,1000000,10/26/1999,2000,ALP,3.25,1,240,NA,ELKHART,IN,CORPORATION,0,NA,0,Midwest,NA,3585,1.00E+06,NA,240,YES,YES
28470,AUGUSTA,GA,30909,Augusta,GA,30907,NA,NA,NA,342000,10/26/1999,2000,ALP,3.25,1,240,NA,RICHMOND,GA,CORPORATION,0,NA,0,South,NA,3585,342000,NA,240,YES,YES
28514,CAMARILLO,CA,93010,Davis,CA,95616,NA,NA,NA,95000,10/29/1999,2000,PCLP,3.25,1,240,561510,VENTURA,CA,CORPORATION,0,NA,0,West,56,3588,95000,NA,240,YES,YES
28524,GREENSBORO,NC,27405,Durham,NC,27701,NA,NA,NA,224000,11/1/1999,2000,ALP,3.25,1,240,561740,GUILFORD,NC,CORPORATION,0,NA,0,South,56,3591,224000,NA,240,YES,YES
28636,HENDERSON,TN,38340,Paris,TN,38242,NA,NA,NA,538000,11/15/1999,2000,504,3.25,1,240,441110,CHESTER,TN,PARTNERSHIP,0,NA,0,South,44,3605,538000,NA,240,YES,YES
28643,FORT DODGE,IA,50501,Johnston,IA,50131,NA,NA,NA,278000,11/15/1999,2000,ALP,3.25,1,240,NA,WEBSTER,IA,CORPORATION,0,NA,0,Midwest,NA,3605,278000,NA,240,YES,YES
28679,PERRIS,CA,92571,San Diego,CA,92106,NA,NA,NA,467000,11/18/1999,2000,ALP,3.25,1,240,327331,RIVERSIDE,CA,CORPORATION,0,NA,0,West,32,3608,467000,NA,240,YES,YES
28706,SPANISH FORK (CORPORATE NAME F,UT,84660,Salt Lake City,UT,84109,NA,NA,NA,446000,11/19/1999,2000,PCLP,3.25,1,240,NA,UTAH,UT,CORPORATION,0,NA,0,West,NA,3609,446000,NA,240,YES,YES
28757,CLEARFIELD,UT,84015,Salt Lake City,UT,84109,NA,NA,NA,558000,11/26/1999,2000,504,3.25,1,240,NA,DAVIS,UT,CORPORATION,0,NA,0,West,NA,3616,558000,NA,240,YES,YES
28762,CHATTANOOGA,TN,37408,Chattanooga,TN,37401,NA,NA,NA,102000,11/29/1999,2000,504,3.25,1,240,334112,HAMILTON,TN,CORPORATION,0,NA,0,South,33,3619,102000,NA,240,YES,YES
28811,RICHMOND,CA,94804,San Francisco,CA,94133,NA,NA,NA,172000,12/3/1999,2000,ALP,3.25,1,240,235110,CONTRA COSTA,CA,CORPORATION,0,NA,0,West,23,3623,172000,NA,240,YES,YES
28818,MALBIS,AL,36526,Mobile,AL,36693,NA,NA,NA,543000,12/6/1999,2000,504,3.25,1,240,NA,MOBILE,AL,CORPORATION,1,8/28/2008,481011,South,NA,3626,543000,0.885839779,106,YES,YES
28826,SEABROOK,NH,3874,Portsmouth,NH,3801,NA,NA,NA,237000,12/7/1999,2000,504,3.25,1,240,445110,ROCKINGHAM,NH,INDIVIDUAL,0,NA,0,Northeast,44,3627,237000,NA,240,YES,YES
28871,SPRINGBORO,OH,45066,Liberty Township,OH,45044,NA,NA,NA,101000,12/10/1999,2000,504,3.25,1,240,333514,WARREN,OH,CORPORATION,0,NA,0,Midwest,33,3630,101000,NA,240,YES,YES
28872,MEDFORD,NY,11763,Bethpage,NY,11714,NA,NA,NA,198000,12/10/1999,2000,ALP,3.25,1,240,811412,SUFFOLK,NY,CORPORATION,0,NA,0,Northeast,81,3630,198000,NA,240,YES,YES
28926,LOS ANGELES,CA,90035,San Diego,CA,92106,NA,NA,NA,176000,12/16/1999,2000,504,3.25,1,240,923120,LOS ANGELES,CA,INDIVIDUAL,0,NA,0,West,92,3636,176000,NA,240,YES,YES
28935,MIDVALE,UT,84047,Salt Lake City,UT,84109,NA,NA,NA,342000,12/17/1999,2000,504,3.25,1,240,441222,SALT LAKE,UT,CORPORATION,0,NA,0,West,44,3637,342000,NA,240,YES,YES
28962,ALEXANDRIA,VA,22314,Fairfax,VA,22030,NA,NA,NA,363000,12/21/1999,2000,ALP,3.25,1,240,541110,ALEXANDRIA CITY,VA,CORPORATION,0,NA,0,South,54,3641,363000,NA,240,YES,YES
28977,BEACH,ND,58621,Fargo,ND,58104,NA,NA,NA,248000,12/22/1999,2000,ALP,3.25,1,240,421820,GOLDEN VALLEY,ND,CORPORATION,0,NA,0,Midwest,42,3642,248000,NA,240,YES,YES
29050,MACON,GA,31202,Macon,GA,31201,NA,NA,NA,325000,1/3/2000,2000,504,3.25,1,240,311119,BIBB,GA,CORPORATION,1,6/17/2008,339468,South,31,3654,325000,1.044516923,102,YES,YES
29067,HOLBROOK,NY,11741,Albany,NY,12207,NA,NA,NA,499000,1/5/2000,2000,ALP,3.25,1,240,NA,SUFFOLK,NY,CORPORATION,0,NA,0,Northeast,NA,3656,499000,NA,240,YES,YES
29068,RINCON,GA,31326,Brunswick,GA,31520,NA,NA,NA,414000,1/5/2000,2000,ALP,3.25,1,240,NA,EFFINGHAM,GA,CORPORATION,0,NA,0,South,NA,3656,414000,NA,240,YES,YES
29083,WARNER ROBINS,GA,31093,Macon,GA,31201,NA,NA,NA,139000,1/7/2000,2000,504,3.25,1,240,811121,HOUSTON,GA,CORPORATION,1,5/26/2010,127555,South,81,3658,139000,0.917661871,126,YES,YES
29152,DUNDAS,MN,55019,Rochester,MN,55904,NA,NA,NA,181000,1/18/2000,2000,504,3.25,1,240,NA,RICE,MN,CORPORATION,0,NA,0,Midwest,NA,3669,181000,NA,240,YES,YES
29160,LINCOLNWOOD,IL,60646,Chicago,IL,60605,NA,NA,NA,294000,1/18/2000,2000,504,3.25,1,240,NA,COOK,IL,CORPORATION,0,NA,0,Midwest,NA,3669,294000,NA,240,YES,YES
29171,SACRAMENTO,CA,95814,Denver,CO,80202,NA,NA,NA,162000,1/20/2000,2000,PCLP,3.25,1,240,541110,SACRAMENTO,CA,INDIVIDUAL,0,NA,0,West,54,3671,162000,NA,240,NO,YES
29212,PRIOR LAKE,MN,55372,Vadnais Heights,MN,55110,NA,NA,NA,340000,1/26/2000,2000,PCLP,3.25,1,240,421310,SCOTT,MN,CORPORATION,0,NA,0,Midwest,42,3677,340000,NA,240,YES,YES
29214,DERRY,NH,3038,Portsmouth,NH,3801,NA,NA,NA,62000,1/27/2000,2000,ALP,3.25,1,240,NA,ROCKINGHAM,NH,CORPORATION,0,NA,0,Northeast,NA,3678,62000,NA,240,YES,YES
29227,BOYNTON BEACH,FL,33435,Lake Worth,FL,33467,NA,NA,NA,211000,1/28/2000,2000,ALP,3.25,1,240,721110,PALM BEACH,FL,CORPORATION,0,NA,0,South,72,3679,211000,NA,240,YES,YES
29252,SAN MATEO,CA,94608,San Francisco,CA,94133,NA,NA,NA,993000,1/31/2000,2000,504,3.25,1,240,NA,SAN MATEO,CA,CORPORATION,0,NA,0,West,NA,3682,993000,NA,240,YES,YES
29361,INDIANAPOLIS,IN,46239,Indianapolis,IN,46204,NA,NA,NA,268000,2/15/2000,2000,ALP,3.25,1,240,541330,MARION,IN,CORPORATION,0,NA,0,Midwest,54,3697,268000,NA,240,YES,YES
29379,ALEXANDRIA,VA,22304,Fairfax,VA,22030,NA,NA,NA,125000,2/16/2000,2000,ALP,3.25,1,240,453220,ALEXANDRIA CITY,VA,CORPORATION,0,NA,0,South,45,3698,125000,NA,240,YES,YES
29419,CEDAR CITY,UT,84720,Salt Lake City,UT,84109,NA,NA,NA,154000,2/24/2000,2000,504,3.25,1,240,621210,IRON,UT,CORPORATION,0,NA,0,West,62,3706,154000,NA,240,YES,YES
29455,WAPPINGERS FALLS,NY,12590,Albany,NY,12207,NA,NA,NA,171000,2/29/2000,2000,ALP,3.25,1,240,541330,DUTCHESS,NY,CORPORATION,0,NA,0,Northeast,54,3711,171000,NA,240,YES,YES
29466,HUMBLE,TX,77338,Houston,TX,77027,NA,NA,NA,151000,2/29/2000,2000,504,3.25,1,240,621310,HARRIS,TX,INDIVIDUAL,0,NA,0,South,62,3711,151000,NA,240,YES,YES
29476,ALVORD,IA,51230,Johnston,IA,50131,NA,NA,NA,138000,3/1/2000,2000,ALP,3.25,1,120,112210,LYON,IA,INDIVIDUAL,0,NA,0,Midwest,11,3712,138000,NA,120,YES,YES
29522,SAN DIEGO,CA,92103,San Diego,CA,92106,NA,NA,NA,145000,3/7/2000,2000,ALP,3.25,1,240,NA,SAN DIEGO,CA,CORPORATION,0,NA,0,West,NA,3718,145000,NA,240,YES,YES
29550,VERO BEACH,FL,32960,Lake Worth,FL,33467,NA,NA,NA,216000,3/9/2000,2000,504,3.25,1,240,NA,INDIAN RIVER,FL,CORPORATION,1,4/14/2010,164955,South,NA,3720,216000,0.763680556,122,YES,YES
29561,HAMMOND,IN,46320,Indianapolis,IN,46240,NA,NA,NA,631000,3/10/2000,2000,504,3.25,1,240,NA,LAKE,IN,CORPORATION,1,5/11/2009,581995,Midwest,NA,3721,631000,0.922337559,111,YES,YES
29565,SAN JOSE,CA,95112,San Francisco,CA,94133,NA,NA,NA,1000000,3/10/2000,2000,ALP,3.25,1,240,334220,SANTA CLARA,CA,CORPORATION,0,NA,0,West,33,3721,1.00E+06,NA,240,YES,YES
29607,SICKLERVILLE,NJ,8081,Fort Lee,NJ,7024,NA,NA,NA,384000,3/15/2000,2000,504,3.25,1,240,624410,CAMDEN,NJ,CORPORATION,1,2/27/2012,269201,Northeast,62,3726,384000,0.701044271,145,YES,YES
29709,NORRIDGE,IL,60634,Springfield,IL,62704,NA,NA,NA,648000,3/29/2000,2000,504,3.25,1,240,NA,COOK,IL,CORPORATION,0,NA,0,Midwest,NA,3740,648000,NA,240,YES,YES
29716,ELMHURST,IL,60126,Chicago,IL,60605,NA,NA,NA,424000,3/29/2000,2000,504,3.25,1,240,722410,DUPAGE,IL,INDIVIDUAL,0,NA,0,Midwest,72,3740,424000,NA,240,YES,YES
29727,SUNNYVALE,CA,94089,San Francisco,CA,94133,NA,NA,NA,1000000,3/29/2000,2000,ALP,3.25,1,240,334111,SANTA CLARA,CA,CORPORATION,0,NA,0,West,33,3740,1.00E+06,NA,240,YES,YES
29730,ADEL,GA,31620,Valdosta,GA,31601,NA,NA,NA,131000,3/30/2000,2000,504,3.25,1,240,NA,COOK,GA,PARTNERSHIP,0,NA,0,South,NA,3741,131000,NA,240,YES,YES
29807,SHREVEPORT,LA,71133,Shreveport,LA,71133,NA,NA,NA,358000,4/10/2000,2000,504,3.25,1,240,NA,DE SOTO,LA,CORPORATION,0,NA,0,South,NA,3752,358000,NA,240,YES,YES
29910,ALBUQUERQUE,NM,87109,Albuquerque,NM,87109,NA,NA,NA,67000,4/20/2000,2000,504,3.25,1,240,NA,BERNALILLO,NM,CORPORATION,0,NA,0,West,NA,3762,67000,NA,240,YES,YES
29914,KINGWOOD,TX,77339,Houston,TX,77027,NA,NA,NA,133000,4/20/2000,2000,504,3.25,1,240,444130,HARRIS,TX,CORPORATION,0,NA,0,South,44,3762,133000,NA,240,YES,YES
29917,ORANGE,CA,92865,San Diego,CA,92106,NA,NA,NA,228000,4/20/2000,2000,PCLP,3.25,1,240,235520,ORANGE,CA,INDIVIDUAL,0,NA,0,West,23,3762,228000,NA,240,YES,YES
29950,RIVERSIDE,CA,92503,San Diego,CA,92106,NA,NA,NA,181000,4/26/2000,2000,504,3.25,1,240,NA,RIVERSIDE,CA,CORPORATION,0,NA,0,West,NA,3768,181000,NA,240,YES,YES
29962,SOLDIER,IA,51572,Sioux City,IA,51101,NA,NA,NA,256000,4/26/2000,2000,504,3.25,1,240,NA,MONONA,IA,INDIVIDUAL,0,NA,0,Midwest,NA,3768,256000,NA,240,YES,YES
29971,PLYMOUTH,MN,55447,Vadnais Heights,MN,55110,NA,NA,NA,659000,4/26/2000,2000,PCLP,3.25,1,240,NA,HENNEPIN,MN,CORPORATION,0,NA,0,Midwest,NA,3768,659000,NA,240,YES,YES
30042,OXFORD,MA,1540,Worcester,MA,1604,NA,NA,NA,322000,5/8/2000,2000,504,3.25,1,240,483211,WORCESTER,MA,CORPORATION,0,NA,0,Northeast,48,3780,322000,NA,240,YES,YES
30044,DOWNERS GROVE,IL,60515,Chicago,IL,60605,NA,NA,NA,971000,5/8/2000,2000,504,3.25,1,240,334290,DUPAGE,IL,CORPORATION,0,NA,0,Midwest,33,3780,971000,NA,240,YES,YES
30105,CHICAGO,IL,60607,Springfield,IL,62704,NA,NA,NA,578000,5/17/2000,2000,504,3.25,1,240,541430,COOK,IL,CORPORATION,0,NA,0,Midwest,54,3789,578000,NA,240,YES,YES
30151,CHICAGO,IL,60652,Chicago,IL,60605,NA,NA,NA,138000,5/23/2000,2000,504,3.25,1,240,811111,COOK,IL,CORPORATION,1,8/26/2004,0,Midwest,81,3795,138000,0,51,YES,YES
30165,SCHILLER PARK,IL,60176,Chicago,IL,60605,NA,NA,NA,188000,5/25/2000,2000,504,3.25,1,240,NA,COOK,IL,CORPORATION,0,NA,0,Midwest,NA,3797,188000,NA,240,YES,YES
30189,SAN DIEGO,CA,92127,San Diego,CA,92106,NA,NA,NA,877000,5/26/2000,2000,PCLP,3.25,1,240,421430,SAN DIEGO,CA,CORPORATION,0,NA,0,West,42,3798,877000,NA,240,YES,YES
30264,DUNEDIN,FL,34698,St. Petersburg,FL,33701,NA,NA,NA,262000,6/8/2000,2000,504,3.25,1,240,NA,PINELLAS,FL,CORPORATION,0,NA,0,South,NA,3811,262000,NA,240,YES,YES
30302,LONDONDERRY,NH,3053,Portsmouth,NH,3801,NA,NA,NA,262000,6/13/2000,2000,ALP,3.25,1,240,514210,ROCKINGHAM,NH,CORPORATION,0,NA,0,Northeast,51,3816,262000,NA,240,YES,YES
30324,NEW RICHMOND,WI,54017,Monona,WI,53716,NA,NA,NA,617000,6/14/2000,2000,ALP,3.25,1,240,444130,SAINT CROIX,WI,CORPORATION,0,NA,0,Midwest,44,3817,617000,NA,240,YES,YES
30325,BROOKLYN,NY,11218,Albany,NY,12207,NA,NA,NA,517000,6/15/2000,2000,ALP,3.25,1,240,422430,KINGS,NY,CORPORATION,0,NA,0,Northeast,42,3818,517000,NA,240,YES,YES
30330,TUCSON,AZ,85747,Tuscon,AZ,85711,NA,NA,NA,119000,6/15/2000,2000,ALP,3.25,1,240,115210,PIMA,AZ,CORPORATION,0,NA,0,West,11,3818,119000,NA,240,YES,YES
30332,ALBUQUERQUE,NM,87102,Albuquerque,NM,87109,NA,NA,NA,184000,6/15/2000,2000,504,3.25,1,240,332321,BERNALILLO,NM,CORPORATION,0,NA,0,West,33,3818,184000,NA,240,YES,YES
30342,NORTHFIELD,VT,5663,Montpelier,VT,5601,NA,NA,NA,113000,6/16/2000,2000,504,3.25,1,240,NA,WASHINGTON,VT,CORPORATION,0,NA,0,Northeast,NA,3819,113000,NA,240,YES,YES
30391,BAKERSFIELD,CA,93301,Bakersfield,CA,93301,NA,NA,NA,137000,6/22/2000,2000,ALP,3.25,1,240,541110,KERN,CA,CORPORATION,0,NA,0,West,54,3825,137000,NA,240,YES,YES
30411,NOKESVILLE,VA,20181,Fairfax,VA,22030,NA,NA,NA,281000,6/23/2000,2000,504,3.25,1,240,NA,PRINCE WILLIAM,VA,CORPORATION,0,NA,0,South,NA,3826,281000,NA,240,YES,YES
30419,COLUMBUS,OH,43223,Columbus,OH,43215,NA,NA,NA,167000,6/23/2000,2000,PCLP,3.25,1,240,NA,FRANKLIN,OH,CORPORATION,1,10/3/2007,97929,Midwest,NA,3826,167000,0.586401198,88,YES,YES
30439,INDIO,CA,92201,San Diego,CA,92106,NA,NA,NA,104000,6/27/2000,2000,ALP,3.25,1,240,NA,RIVERSIDE,CA,CORPORATION,0,NA,0,West,NA,3830,104000,NA,240,YES,YES
30464,VILLAGE OF HORTONVILLE,WI,54944,Monona,WI,53716,NA,NA,NA,640000,6/29/2000,2000,504,3.25,1,240,321920,OUTAGAMIE,WI,CORPORATION,0,NA,0,Midwest,32,3832,640000,NA,240,YES,YES
30480,PAINESVILLE,OH,44077,Painesville,OH,44077,NA,NA,NA,1000000,6/30/2000,2000,504,3.25,1,240,336211,LAKE,OH,CORPORATION,1,11/30/2012,721714,Midwest,33,3833,1.00E+06,0.721714,151,YES,YES
30486,CERES,CA,95307,Modesto,CA,95353,NA,NA,NA,823000,6/30/2000,2000,504,3.25,1,240,NA,STANISLAUS,CA,CORPORATION,0,NA,0,West,NA,3833,823000,NA,240,YES,YES
30520,CONCORD,CA,94520,San Francisco,CA,94111,NA,NA,NA,414000,7/7/2000,2000,PCLP,3.25,1,240,NA,CONTRA COSTA,CA,CORPORATION,0,NA,0,West,NA,3840,414000,NA,240,YES,YES
30531,LYONS,WI,53148,Monona,WI,53716,NA,NA,NA,251000,7/7/2000,2000,ALP,3.25,1,240,NA,WALWORTH,WI,CORPORATION,0,NA,0,Midwest,NA,3840,251000,NA,240,YES,YES
30611,ROCHESTER,NY,14613,Rochester,NY,14614,NA,NA,NA,646000,7/19/2000,2000,504,3.25,1,240,NA,MONROE,NY,PARTNERSHIP,1,9/22/2011,411308,Northeast,NA,3852,646000,0.63669969,136,YES,YES
30624,MORGAN CITY,LA,70381,Lafayette,LA,70508,NA,NA,NA,660000,7/20/2000,2000,ALP,3.25,1,120,NA,SAINT MARY,LA,PARTNERSHIP,0,NA,0,South,NA,3853,660000,NA,120,YES,YES
30630,LUBBOCK,TX,79424,Lubbock,TX,79412,NA,NA,NA,237000,7/20/2000,2000,ALP,3.25,1,120,NA,LUBBOCK,TX,CORPORATION,0,NA,0,South,NA,3853,237000,NA,120,YES,YES
30648,VISTA,CA,92083,San Diego,CA,92106,NA,NA,NA,1000000,7/24/2000,2000,ALP,3.25,1,240,333319,SAN DIEGO,CA,CORPORATION,0,NA,0,West,33,3857,1.00E+06,NA,240,YES,YES
30699,NAPERVILLE,IL,60564,Chicago,IL,60605,NA,NA,NA,559000,7/31/2000,2000,504,3.25,1,240,321920,WILL,IL,CORPORATION,0,NA,0,Midwest,32,3864,559000,NA,240,YES,YES
30711,WENATACHEE,WA,98807,Spokane Valley,WA,99212,NA,NA,NA,118000,8/1/2000,2000,504,3.25,1,240,NA,CHELAN,WA,PARTNERSHIP,0,NA,0,West,NA,3865,118000,NA,240,YES,YES
30760,CEDAR CITY,UT,84720,Salt Lake City,UT,84109,NA,NA,NA,512000,8/9/2000,2000,504,3.25,1,240,NA,IRON,UT,CORPORATION,0,NA,0,West,NA,3873,512000,NA,240,YES,YES
30785,JACKSONVILLE,FL,32254,Jacksonville,FL,32256,NA,NA,NA,543000,8/11/2000,2000,504,3.25,1,240,421830,DUVAL,FL,CORPORATION,0,NA,0,South,42,3875,543000,NA,240,YES,YES
30813,MADISON,WI,53703,Monona,WI,53716,NA,NA,NA,113000,8/16/2000,2000,504,3.25,1,240,811111,DANE,WI,CORPORATION,0,NA,0,Midwest,81,3880,113000,NA,240,YES,YES
30839,LA MESA,CA,91942,San Diego,CA,92106,NA,NA,NA,750000,8/18/2000,2000,ALP,3.25,1,240,622210,SAN DIEGO,CA,CORPORATION,0,NA,0,West,62,3882,750000,NA,240,YES,YES
30841,APACHE JUNCTION,AZ,85275,Tuscon,AZ,85711,NA,NA,NA,428000,8/18/2000,2000,PCLP,3.25,1,240,722110,MARICOPA,AZ,CORPORATION,0,NA,0,West,72,3882,428000,NA,240,YES,YES
30861,FAIRFIELD,CA,94533,Pittsburgh,CA,94565,NA,NA,NA,493000,8/22/2000,2000,504,3.25,1,240,NA,SOLANO,CA,CORPORATION,0,NA,0,West,NA,3886,493000,NA,240,YES,YES
30924,TEMPE,AZ,85285,Tuscon,AZ,85711,NA,NA,NA,640000,8/29/2000,2000,PCLP,3.25,1,240,541511,MARICOPA,AZ,PARTNERSHIP,0,NA,0,West,54,3893,640000,NA,240,YES,YES
30950,FORT WAYNE,IN,46808,Fort Wayne,IN,46802,NA,NA,NA,214000,9/5/2000,2000,504,3.25,1,240,441222,ALLEN,IN,CORPORATION,1,3/19/2009,197765,Midwest,44,3900,214000,0.924135514,103,YES,YES
30987,MAPLE GROVE,MN,55369,Vadnais Heights,MN,55110,NA,NA,NA,571000,9/7/2000,2000,PCLP,3.25,1,240,442210,HENNEPIN,MN,CORPORATION,0,NA,0,Midwest,44,3902,571000,NA,240,YES,YES
31092,RENO,NV,89706,Las Vegas,NV,89144,NA,NA,NA,105000,9/20/2000,2000,ALP,3.25,1,240,NA,NA,NV,CORPORATION,0,NA,0,West,NA,3915,105000,NA,240,YES,YES
31160,DEKALB,IL,60115,Chicago,IL,60605,NA,NA,NA,321000,9/26/2000,2000,504,3.25,1,240,NA,DEKALB,IL,CORPORATION,1,2/22/2013,215496,Midwest,NA,3921,321000,0.671327103,151,YES,YES
31167,SAN FRANCISCO,CA,94107,San Francisco,CA,94133,NA,NA,NA,1000000,9/26/2000,2000,ALP,3.25,1,240,541860,SAN FRANCISCO,CA,CORPORATION,0,NA,0,West,54,3921,1.00E+06,NA,240,YES,YES
31168,ALEXANDRIA,VA,22314,Fairfax,VA,22030,NA,NA,NA,1000000,9/27/2000,2000,ALP,3.25,1,240,NA,ALEXANDRIA CITY,VA,CORPORATION,0,NA,0,South,NA,3922,1.00E+06,NA,240,YES,YES
31209,FRESNO,CA,93720,Fresno,CA,93711,NA,NA,NA,750000,9/27/2000,2000,504,3.25,1,240,NA,FRESNO,CA,CORPORATION,1,8/17/2012,483450,West,NA,3922,750000,0.6446,144,YES,YES
31225,FORT OGLETHORPE,GA,30742,Chattanooga,TN,37401,NA,NA,NA,91000,9/28/2000,2000,504,3.25,1,240,811121,CATOOSA,GA,INDIVIDUAL,0,NA,0,South,81,3923,91000,NA,240,NO,YES
31229,DERRY,NH,3038,Portsmouth,NH,3801,NA,NA,NA,440000,9/28/2000,2000,ALP,3.25,1,240,NA,HILLSBOROUGH,NH,CORPORATION,0,NA,0,Northeast,NA,3923,440000,NA,240,YES,YES
31259,NEW GLARUS,WI,53574,Monona,WI,53716,NA,NA,NA,195000,9/29/2000,2000,504,3.25,1,240,NA,GREEN,WI,CORPORATION,0,NA,0,Midwest,NA,3924,195000,NA,240,YES,YES
31295,BERKELEY,CA,94710,San Francisco,CA,94133,NA,NA,NA,258000,9/29/2000,2000,ALP,3.25,1,240,541310,ALAMEDA,CA,PARTNERSHIP,0,NA,0,West,54,3924,258000,NA,240,YES,YES
31308,PLACENTIA,CA,92670,Santa Ana,CA,92705,NA,NA,NA,1000000,9/29/2000,2000,504,3.25,1,200,721110,ORANGE,CA,PARTNERSHIP,0,NA,0,West,72,3924,1.00E+06,NA,200,YES,YES
31309,HURST,TX,76054,Fort Worth,TX,76104,NA,NA,NA,553000,9/29/2000,2000,ALP,3.25,1,240,812990,TARRANT,TX,INDIVIDUAL,0,NA,0,South,81,3924,553000,NA,240,YES,YES
31369,GRUNDY CENTER,IA,50638,Johnston,IA,50131,NA,NA,NA,156000,10/18/2000,2001,504,3.25,1,240,722110,GRUNDY,IA,CORPORATION,0,NA,0,Midwest,72,3943,156000,NA,240,YES,YES
31403,RENO,NV,89509,Las Vegas,NV,89144,NA,NA,NA,639000,10/24/2000,2001,ALP,3.25,1,240,531320,WASHOE,NV,PARTNERSHIP,0,NA,0,West,53,3949,639000,NA,240,YES,YES
31428,BROOKLYN,NY,11211,Albany,NY,12207,NA,NA,NA,198000,10/26/2000,2001,504,3.25,1,240,444190,KINGS,NY,CORPORATION,0,NA,0,Northeast,44,3951,198000,NA,240,YES,YES
31448,DOVER,NH,3820,Portsmouth,NH,3801,NA,NA,NA,57000,10/27/2000,2001,PCLP,3.25,1,240,444220,STRAFFORD,NH,CORPORATION,0,NA,0,Northeast,44,3952,57000,NA,240,YES,YES
31482,GRASS VALLEY,CA,95959,Denver,CO,80202,NA,NA,NA,167000,11/1/2000,2001,PCLP,3.25,1,240,621111,NEVADA,CA,INDIVIDUAL,0,NA,0,West,62,3957,167000,NA,240,NO,YES
31524,OVERLAND PARK,KS,66203,Overland Park,KS,66210,NA,NA,NA,302000,11/7/2000,2001,504,3.25,1,240,336991,JOHNSON,KS,CORPORATION,0,NA,0,Midwest,33,3963,302000,NA,240,YES,YES
31543,OMAHA,NE,68127,Lincoln,NE,68526,NA,NA,NA,190000,11/9/2000,2001,504,3.25,1,240,337110,DOUGLAS,NE,CORPORATION,0,NA,0,Midwest,33,3965,190000,NA,240,YES,YES
31636,MONTGOMERY,IL,60538,Springfield,IL,62704,NA,NA,NA,399000,11/27/2000,2001,504,3.25,1,120,323112,KANE,IL,CORPORATION,0,NA,0,Midwest,32,3983,399000,NA,120,YES,YES
31652,OVERLAND PARK,KS,66204,Overland Park,KS,66210,NA,NA,NA,260000,11/28/2000,2001,504,3.25,1,240,561320,JOHNSON,KS,CORPORATION,0,NA,0,Midwest,56,3984,260000,NA,240,YES,YES
31666,SANTA CLARA,CA,95054,Walnut Creek,CA,94596,NA,NA,NA,866000,11/29/2000,2001,ALP,3.25,1,240,233320,SANTA CLARA,CA,CORPORATION,0,NA,0,West,23,3985,866000,NA,240,YES,YES
31770,PLANO,TX,75075,Plano,TX,75074,NA,NA,NA,557000,12/11/2000,2001,ALP,3.25,1,240,722110,COLLIN,TX,CORPORATION,1,5/12/2008,547451,South,72,3997,557000,0.982856373,90,YES,YES
31775,PEABODY,MA,1960,Waltham,MA,2451,NA,NA,NA,373000,12/12/2000,2001,504,3.25,1,240,811111,ESSEX,MA,CORPORATION,0,NA,0,Northeast,81,3998,373000,NA,240,YES,YES
31850,GOODLAND,KS,67735,Hill City,KS,67642,NA,NA,NA,128000,12/21/2000,2001,504,3.25,1,240,811111,SHERMAN,KS,CORPORATION,0,NA,0,Midwest,81,4007,128000,NA,240,YES,YES
31860,LORTON,VA,22079,Fairfax,VA,22030,NA,NA,NA,350000,12/22/2000,2001,ALP,3.25,1,240,422810,FAIRFAX,VA,CORPORATION,0,NA,0,South,42,4008,350000,NA,240,YES,YES
31872,AUSTIN,TX,78757,Austin,TX,78746,NA,NA,NA,349000,12/26/2000,2001,PCLP,3.25,1,240,621210,TRAVIS,TX,CORPORATION,0,NA,0,South,62,4012,349000,NA,240,YES,YES
31904,COVENTRY,RI,2816,Providence,RI,2903,NA,NA,NA,244000,12/29/2000,2001,ALP,3.25,1,240,235990,KENT,RI,CORPORATION,0,NA,0,Northeast,23,4015,244000,NA,240,YES,YES
31927,CERRITOS,CA,90703,La Habra,CA,90631,NA,NA,NA,516000,1/4/2001,2001,ALP,3.25,1,240,332112,LOS ANGELES,CA,CORPORATION,0,NA,0,West,33,4021,516000,NA,240,YES,YES
31938,WARRENTON,MO,63383,St. Charles,MO,63304,NA,NA,NA,413000,1/4/2001,2001,504,3.25,1,240,721110,WARREN,MO,CORPORATION,0,NA,0,Midwest,72,4021,413000,NA,240,YES,YES
31942,LONDONDERRY,NH,3053,Portsmouth,NH,3801,NA,NA,NA,86000,1/4/2001,2001,PCLP,3.25,1,240,621310,ROCKINGHAM,NH,INDIVIDUAL,0,NA,0,Northeast,62,4021,86000,NA,240,YES,YES
31999,CHICAGO,IL,60657,Chicago,IL,60605,NA,NA,NA,1000000,1/11/2001,2001,504,3.25,1,240,422470,COOK,IL,CORPORATION,0,NA,0,Midwest,42,4028,1.00E+06,NA,240,YES,YES
32014,PLEASANT VALLEY,MO,64068,Kansas City,MO,64116,NA,NA,NA,89000,1/12/2001,2001,504,3.25,1,240,421330,CLAY,MO,CORPORATION,0,NA,0,Midwest,42,4029,89000,NA,240,YES,YES
32022,EL CAJON,CA,92020,San Diego,CA,92106,NA,NA,NA,540000,1/16/2001,2001,ALP,3.25,1,240,326122,SAN DIEGO,CA,CORPORATION,0,NA,0,West,32,4033,540000,NA,240,YES,YES
32163,MANSFIELD,PA,16933,Lewisburg,PA,17837,NA,NA,NA,187000,2/5/2001,2001,504,3.25,1,240,812210,TIOGA,PA,CORPORATION,0,NA,0,Northeast,81,4053,187000,NA,240,YES,YES
32173,BREA,CA,92821,Santa Ana,CA,92705,NA,NA,NA,166000,2/6/2001,2001,ALP,3.25,1,240,323112,ORANGE,CA,CORPORATION,0,NA,0,West,32,4054,166000,NA,240,YES,YES
32208,LAWTON,IA,51030,Sioux City,IA,51101,NA,NA,NA,398000,2/8/2001,2001,504,3.25,1,240,447110,CERRO GORDO,IA,CORPORATION,1,7/30/2008,355865,Midwest,44,4056,398000,0.894133166,90,YES,YES
32212,SAN DIEGO,CA,92103,San Diego,CA,92106,NA,NA,NA,300000,2/9/2001,2001,ALP,3.25,1,240,541310,SAN DIEGO,CA,CORPORATION,0,NA,0,West,54,4057,3.00E+05,NA,240,YES,YES
32240,NORTHFIELD,NJ,8225,Fort Lee,NJ,7024,NA,NA,NA,368000,2/13/2001,2001,504,3.25,1,240,621610,ATLANTIC,NJ,CORPORATION,0,NA,0,Northeast,62,4061,368000,NA,240,YES,YES
32257,ODENVILLE,AL,35120,Montgomery,AL,36117,NA,NA,NA,352000,2/15/2001,2001,504,3.25,1,240,332312,SAINT CLAIR,AL,CORPORATION,0,NA,0,South,33,4063,352000,NA,240,YES,YES
32274,COMPTON,CA,90220,Davis,CA,95616,NA,NA,NA,575000,2/16/2001,2001,PCLP,3.25,1,240,422690,LOS ANGELES,CA,CORPORATION,0,NA,0,West,42,4064,575000,NA,240,YES,YES
32312,APPLETON,WI,54914,Monona,WI,53716,NA,NA,NA,209000,2/23/2001,2001,ALP,3.25,1,240,722211,OUTAGAMIE,WI,CORPORATION,0,NA,0,Midwest,72,4071,209000,NA,240,YES,YES
32337,MOUNT VERNON,NY,10550,Albany,NY,12207,NA,NA,NA,426000,2/27/2001,2001,504,3.25,1,240,422690,WESTCHESTER,NY,CORPORATION,0,NA,0,Northeast,42,4075,426000,NA,240,YES,YES
32388,WHEATRIDGE,CO,80033,Denver,CO,80203,NA,NA,NA,418000,3/5/2001,2001,504,3.25,1,240,722110,JEFFERSON,CO,CORPORATION,1,9/6/2005,325851,West,72,4081,418000,0.779547847,54,YES,YES
32419,WATERLOO,IA,50701,Waterloo,IA,50702,NA,NA,NA,294000,3/8/2001,2001,504,3.25,1,240,811111,BLACK HAWK,IA,CORPORATION,0,NA,0,Midwest,81,4084,294000,NA,240,YES,YES
32436,AKRON,IN,46910,Indianapolis,IN,46240,NA,NA,NA,329000,3/9/2001,2001,504,3.25,1,240,332439,FULTON,IN,CORPORATION,0,NA,0,Midwest,33,4085,329000,NA,240,YES,YES
32439,SAN DIEGO,CA,92121,San Diego,CA,92106,NA,NA,NA,396000,3/9/2001,2001,ALP,3.25,1,240,541110,SAN DIEGO,CA,PARTNERSHIP,0,NA,0,West,54,4085,396000,NA,240,YES,YES
32473,RAPID CITY,SD,57701,Rapid City,SD,57701,NA,NA,NA,203000,3/14/2001,2001,504,3.25,1,240,721191,PENNINGTON,SD,CORPORATION,1,12/17/2003,0,Midwest,72,4090,203000,0,33,YES,YES
32552,MONTARA,CA,94037,San Francisco,CA,94133,NA,NA,NA,270000,3/20/2001,2001,PCLP,3.25,1,240,541430,SAN MATEO,CA,CORPORATION,0,NA,0,West,54,4096,270000,NA,240,YES,YES
32560,BERNALILLO,NM,87004,Albuquerque,NM,87109,NA,NA,NA,236000,3/21/2001,2001,504,3.25,1,240,812310,SANDOVAL,NM,CORPORATION,1,1/6/2014,0,West,81,4097,236000,0,155,YES,YES
32590,GREENSBORO,NC,27405,Durham,NC,27701,NA,NA,NA,711000,3/23/2001,2001,504,3.25,1,240,484121,GUILFORD,NC,CORPORATION,0,NA,0,South,48,4099,711000,NA,240,YES,YES
32678,FRESNO,CA,93710,Fresno,CA,93711,NA,NA,NA,132000,4/2/2001,2001,504,3.25,1,240,621111,FRESNO,CA,CORPORATION,0,NA,0,West,62,4109,132000,NA,240,YES,YES
32720,MCCLELLAN,CA,95652,North Highlands,CA,95660,NA,NA,NA,276000,4/6/2001,2001,ALP,3.25,1,120,335931,SACRAMENTO,CA,CORPORATION,1,9/20/2007,219882,West,33,4113,276000,0.796673913,78,YES,YES
32816,SOUTH SAN FRANCISCO,CA,94080,San Francisco,CA,94133,NA,NA,NA,763000,4/17/2001,2001,PCLP,3.25,1,240,314129,SAN MATEO,CA,CORPORATION,0,NA,0,West,31,4124,763000,NA,240,YES,YES
32878,PHOENIX,AZ,85034,Phoenix,AZ,85012,NA,NA,NA,187000,4/25/2001,2001,ALP,3.25,1,240,443120,MARICOPA,AZ,CORPORATION,0,NA,0,West,44,4132,187000,NA,240,YES,YES
32995,DELRAY BEACH,FL,33445,Lake Worth,FL,33467,NA,NA,NA,521000,5/4/2001,2001,504,3.25,1,240,233320,BROWARD,FL,CORPORATION,0,NA,0,South,23,4141,521000,NA,240,YES,YES
32997,HOLLYWOOD,FL,33312,Lake Worth,FL,33467,NA,NA,NA,527000,5/4/2001,2001,504,3.25,1,240,235520,BROWARD,FL,CORPORATION,0,NA,0,South,23,4141,527000,NA,240,YES,YES
33044,CARLE PLACE,NY,11514,Albany,NY,12207,NA,NA,NA,953000,5/10/2001,2001,ALP,3.25,1,240,562998,NASSAU,NY,CORPORATION,0,NA,0,Northeast,56,4147,953000,NA,240,YES,YES
33051,FARGO,ND,58103,Fargo,ND,58104,NA,NA,NA,238000,5/10/2001,2001,ALP,3.25,1,240,621210,CASS,ND,INDIVIDUAL,0,NA,0,Midwest,62,4147,238000,NA,240,YES,YES
33060,SAN JOSE,CA,95125,San Francisco,CA,94111,NA,NA,NA,485000,5/11/2001,2001,PCLP,3.25,1,240,621320,SANTA CLARA,CA,INDIVIDUAL,0,NA,0,West,62,4148,485000,NA,240,YES,YES
33063,SO. SALT LAKE,UT,84115,Salt Lake City,UT,84109,NA,NA,NA,126000,5/14/2001,2001,504,3.25,1,240,722320,SALT LAKE,UT,CORPORATION,0,NA,0,West,72,4151,126000,NA,240,YES,YES
33070,HARRISBURG,NC,28075,Charlotte,NC,28204,NA,NA,NA,523000,5/14/2001,2001,ALP,3.25,1,240,624410,CABARRUS,NC,CORPORATION,0,NA,0,South,62,4151,523000,NA,240,YES,YES
33076,SHEPHERDSVILLE,KY,40165,Louisville,KY,40202,NA,NA,NA,119000,5/15/2001,2001,504,3.25,1,240,811121,BULLITT,KY,CORPORATION,0,NA,0,South,81,4152,119000,NA,240,YES,YES
33097,WORTH,IL,60482,Chicago,IL,60605,NA,NA,NA,295000,5/16/2001,2001,504,3.25,1,240,722110,COOK,IL,CORPORATION,0,NA,0,Midwest,72,4153,295000,NA,240,YES,YES
33113,GIBSONIA,PA,15044,Pittsburgh,PA,15203,NA,NA,NA,582000,5/17/2001,2001,ALP,3.25,1,240,622210,ALLEGHENY,PA,CORPORATION,0,NA,0,Northeast,62,4154,582000,NA,240,YES,YES
33121,GLENVILLE,NY,12302,Albany,NY,12207,NA,NA,NA,383000,5/17/2001,2001,504,3.25,1,240,321918,SCHENECTADY,NY,CORPORATION,0,NA,0,Northeast,32,4154,383000,NA,240,YES,YES
33181,OAKDALE,NY,11769,Albany,NY,12207,NA,NA,NA,448000,5/25/2001,2001,ALP,3.25,1,240,713990,SUFFOLK,NY,CORPORATION,0,NA,0,Northeast,71,4162,448000,NA,240,YES,YES
33285,JACKSONVILLE,FL,32256,Jacksonville,FL,32211,NA,NA,NA,528000,6/5/2001,2001,504,3.25,1,240,522310,DUVAL,FL,CORPORATION,0,NA,0,South,52,4173,528000,NA,240,YES,YES
33313,SPRINGBORO,OH,45036,Liberty Township,OH,45044,NA,NA,NA,148000,6/8/2001,2001,504,3.25,1,240,541614,WARREN,OH,CORPORATION,0,NA,0,Midwest,54,4176,148000,NA,240,YES,YES
33317,VOORHEES,NJ,8043,Fort Lee,NJ,7024,NA,NA,NA,1300000,6/8/2001,2001,504,3.25,1,240,721110,CAMDEN,NJ,CORPORATION,0,NA,0,Northeast,72,4176,1300000,NA,240,YES,YES
33323,FRIDLEY,MN,55432,Andover,MN,55304,NA,NA,NA,289000,6/11/2001,2001,504,3.25,1,240,453998,ANOKA,MN,CORPORATION,0,NA,0,Midwest,45,4179,289000,NA,240,YES,YES
33336,OGDEN,UT,84401,Salt Lake City,UT,84109,NA,NA,NA,209000,6/12/2001,2001,504,3.25,1,240,511130,WEBER,UT,CORPORATION,0,NA,0,West,51,4180,209000,NA,240,YES,YES
33376,QUENNSBURY,NY,12804,Albany,NY,12207,NA,NA,NA,161000,6/15/2001,2001,504,3.25,1,240,541618,WARREN,NY,CORPORATION,0,NA,0,Northeast,54,4183,161000,NA,240,YES,YES
33430,PARIS,TN,38242,Paris,TN,38242,NA,NA,NA,542000,6/21/2001,2001,504,3.25,1,240,512131,HENRY,TN,PARTNERSHIP,0,NA,0,South,51,4189,542000,NA,240,YES,YES
33512,DENVER,CO,80203,Denver,CO,80202,NA,NA,NA,498000,6/28/2001,2001,PCLP,3.25,1,240,541110,DENVER,CO,CORPORATION,0,NA,0,West,54,4196,498000,NA,240,YES,YES
33552,EUGENE,OR,97401,Salem,OR,97301,NA,NA,NA,173000,7/2/2001,2001,504,3.25,1,240,621511,LANE,OR,CORPORATION,0,NA,0,West,62,4200,173000,NA,240,YES,YES
33598,CAPITOLA,CA,95010,Davis,CA,95616,NA,NA,NA,604000,7/6/2001,2001,504,3.25,1,240,235710,SANTA CRUZ,CA,INDIVIDUAL,0,NA,0,West,23,4204,604000,NA,240,YES,YES
33607,TULARE,CA,93274,Tulare,CA,93274,NA,NA,NA,147000,7/9/2001,2001,504,3.25,1,240,621111,TULARE,CA,INDIVIDUAL,0,NA,0,West,62,4207,147000,NA,240,YES,YES
33646,MOORHEAD,MN,56560,St. Cloud,MN,56301,NA,NA,NA,182000,7/13/2001,2001,504,3.25,1,240,811121,CLAY,MN,CORPORATION,0,NA,0,Midwest,81,4211,182000,NA,240,YES,YES
33657,RIVERSIDE,CA,92501,San Diego,CA,92106,NA,NA,NA,787000,7/13/2001,2001,PCLP,3.25,1,240,453210,RIVERSIDE,CA,CORPORATION,0,NA,0,West,45,4211,787000,NA,240,YES,YES
33815,WHITTIER,CA,90601,Davis,CA,95616,NA,NA,NA,315000,7/31/2001,2001,504,3.25,1,240,447110,LOS ANGELES,CA,CORPORATION,0,NA,0,West,44,4229,315000,NA,240,YES,YES
33826,YUBA CITY,CA,95993,Denver,CO,80202,NA,NA,NA,168000,7/31/2001,2001,PCLP,3.25,1,240,722110,SUTTER,CA,PARTNERSHIP,0,NA,0,West,72,4229,168000,NA,240,NO,YES
33924,FARRAGUT,TN,99999,Alcoa,TN,37701,NA,NA,NA,1300000,8/10/2001,2001,504,3.25,1,240,713940,ANDERSON,TN,CORPORATION,0,NA,0,South,71,4239,1300000,NA,240,YES,YES
34018,KENT,WA,98032,SIOUX FALLS,SD,57104,NA,NA,NA,1300000,8/22/2001,2001,504,3.25,1,240,311340,KING,WA,CORPORATION,0,NA,0,West,31,4251,1300000,NA,240,NO,YES
34021,GLEN ROCK,NJ,7452,Fort Lee,NJ,7024,NA,NA,NA,753000,8/22/2001,2001,504,3.25,1,240,541330,BERGEN,NJ,CORPORATION,0,NA,0,Northeast,54,4251,753000,NA,240,YES,YES
34028,NORTH OGDEN,UT,84414,Salt Lake City,UT,84109,NA,NA,NA,330000,8/23/2001,2001,504,3.25,1,240,722110,WEBER,UT,CORPORATION,0,NA,0,West,72,4252,330000,NA,240,YES,YES
34031,FREMONT,CA,94539,Walnut Creek,CA,94596,NA,NA,NA,825000,8/23/2001,2001,504,3.25,1,240,235420,ALAMEDA,CA,CORPORATION,0,NA,0,West,23,4252,825000,NA,240,YES,YES
34037,ROGERS,AR,72756,Little Rock,AR,72201,NA,NA,NA,1000000,8/23/2001,2001,504,3.25,1,240,722110,BENTON,AR,CORPORATION,0,NA,0,South,72,4252,1.00E+06,NA,240,YES,YES
34083,FALL RIVER,MA,2720,Taunton,MA,2780,NA,NA,NA,209000,8/29/2001,2001,ALP,3.25,1,240,326199,BRISTOL,MA,CORPORATION,0,NA,0,Northeast,32,4258,209000,NA,240,YES,YES
34087,BARABOO,WI,53913,Monona,WI,53716,NA,NA,NA,546000,8/29/2001,2001,504,3.25,1,240,722110,SAUK,WI,CORPORATION,0,NA,0,Midwest,72,4258,546000,NA,240,YES,YES
34121,CEDAR CITY,UT,84770,Salt Lake City,UT,84109,NA,NA,NA,278000,8/31/2001,2001,504,3.25,1,240,441320,IRON,UT,CORPORATION,0,NA,0,West,44,4260,278000,NA,240,YES,YES
34173,SAN JOSE,CA,95112,San Francisco,CA,94133,NA,NA,NA,1300000,9/7/2001,2001,PCLP,3.25,1,240,541613,SANTA CLARA,CA,CORPORATION,0,NA,0,West,54,4267,1300000,NA,240,YES,YES
34207,CHILDRESS,TX,79201,Amarillo,TX,79101,NA,NA,NA,53000,9/13/2001,2001,504,3.25,1,240,453110,CHILDRESS,TX,INDIVIDUAL,1,1/9/2008,46936,South,45,4273,53000,0.885584906,76,YES,YES
34220,HOUSTON,TX,77003,Austin,TX,78746,NA,NA,NA,1014000,9/14/2001,2001,504,3.25,1,240,722110,HARRIS,TX,CORPORATION,0,NA,0,South,72,4274,1014000,NA,240,YES,YES
34243,SACRAMENTO,CA,95832,North Highlands,CA,95660,NA,NA,NA,119000,9/17/2001,2001,504,3.25,1,240,332999,SACRAMENTO,CA,CORPORATION,0,NA,0,West,33,4277,119000,NA,240,YES,YES
34268,LANCASTER,PA,17603,Exton,PA,19341,NA,NA,NA,148000,9/19/2001,2001,ALP,3.25,1,120,722110,LANCASTER,PA,CORPORATION,0,NA,0,Northeast,72,4279,148000,NA,120,YES,YES
34274,SAN FRANCISCO,CA,94109,San Francisco,CA,94111,NA,NA,NA,742000,9/19/2001,2001,504,3.25,1,240,722410,SAN FRANCISCO,CA,INDIVIDUAL,0,NA,0,West,72,4279,742000,NA,240,YES,YES
34276,SAN FRANCISCO,CA,94114,San Francisco,CA,94111,NA,NA,NA,331000,9/19/2001,2001,504,3.25,1,240,722110,SAN FRANCISCO,CA,INDIVIDUAL,0,NA,0,West,72,4279,331000,NA,240,YES,YES
34283,PALOS HEIGHTS,IL,60463,Chicago,IL,60605,NA,NA,NA,380000,9/20/2001,2001,504,3.25,1,240,523910,COOK,IL,CORPORATION,0,NA,0,Midwest,52,4280,380000,NA,240,YES,YES
34310,SOLVANG,CA,93463,Santa Maria,CA,93454,NA,NA,NA,51000,9/21/2001,2001,504,3.25,1,240,621111,SANTA BARBARA,CA,CORPORATION,0,NA,0,West,62,4281,51000,NA,240,YES,YES
34338,WOODLAND,CA,95776,Denver,CO,80202,NA,NA,NA,1298000,9/25/2001,2001,PCLP,3.25,1,240,721110,YOLO,CA,PARTNERSHIP,0,NA,0,West,72,4285,1298000,NA,240,NO,YES
34383,CINCINNATI,OH,45211,Cincinnati,OH,45212,NA,NA,NA,102000,9/27/2001,2001,ALP,3.25,1,240,312130,HAMILTON,OH,CORPORATION,0,NA,0,Midwest,31,4287,102000,NA,240,YES,YES
34388,LOS GATOS,CA,95030,San Francisco,CA,94111,NA,NA,NA,599000,9/27/2001,2001,ALP,3.25,1,240,541330,SANTA CLARA,CA,CORPORATION,0,NA,0,West,54,4287,599000,NA,240,YES,YES
34441,JONESBORO,GA,30236,Atlanta,GA,30339,NA,NA,NA,807000,9/28/2001,2001,ALP,3.25,1,240,811192,CLAYTON,GA,CORPORATION,0,NA,0,South,81,4288,807000,NA,240,YES,YES
34508,ORANGE,CA,92866,Santa Ana,CA,92705,NA,NA,NA,232000,10/16/2001,2002,504,3.25,1,240,422210,ORANGE,CA,PARTNERSHIP,0,NA,0,West,42,4306,232000,NA,240,YES,YES
34516,BROOKLYN,NY,11220,Albany,NY,12207,NA,NA,NA,1000000,10/17/2001,2002,504,3.25,1,240,311611,NEW YORK,NY,CORPORATION,0,NA,0,Northeast,31,4307,1.00E+06,NA,240,YES,YES
34521,OPELOUSAS,LA,70570,Lafayette,LA,70508,NA,NA,NA,208000,10/17/2001,2002,ALP,3.25,1,120,512131,SAINT LANDRY,LA,CORPORATION,0,NA,0,South,51,4307,208000,NA,120,YES,YES
34527,SALT LAKE CITY,UT,84101,Salt Lake City,UT,84109,NA,NA,NA,114000,10/17/2001,2002,504,3.25,1,240,541320,SALT LAKE,UT,CORPORATION,0,NA,0,West,54,4307,114000,NA,240,YES,YES
34541,DENVER,NC,28037,Charlotte,NC,28204,NA,NA,NA,283000,10/19/2001,2002,ALP,3.25,1,240,811121,LINCOLN,NC,CORPORATION,0,NA,0,South,81,4309,283000,NA,240,YES,YES
34543,LAS VEGAS,NV,89118,Las Vegas,NV,89144,NA,NA,NA,261000,10/19/2001,2002,PCLP,3.25,1,240,447110,CLARK,NV,CORPORATION,0,NA,0,West,44,4309,261000,NA,240,YES,YES
34622,ROCHESTER,NY,14623,Rochester,NY,14614,NA,NA,NA,502000,10/30/2001,2002,504,3.25,1,240,722110,MONROE,NY,CORPORATION,0,NA,0,Northeast,72,4320,502000,NA,240,YES,YES
34658,HAMPTON (CENSUS NAME FOR HAMPT,NH,3842,Portsmouth,NH,3801,NA,NA,NA,351000,11/2/2001,2002,PCLP,3.25,1,240,812210,ROCKINGHAM,NH,PARTNERSHIP,0,NA,0,Northeast,81,4323,351000,NA,240,YES,YES
34713,MIAMI,FL,33142,Lake Worth,FL,33467,NA,NA,NA,677000,11/13/2001,2002,ALP,3.25,1,240,422490,MIAMI-DADE,FL,CORPORATION,0,NA,0,South,42,4334,677000,NA,240,YES,YES
34733,STANDALE,MI,49544,GRAND RAPIDS,MI,49505,NA,NA,NA,453000,11/14/2001,2002,504,3.25,1,240,311330,OTTAWA,MI,CORPORATION,0,NA,0,Midwest,31,4335,453000,NA,240,YES,YES
34740,NORTH LAS VEGAS,NV,89030,Las Vegas,NV,89144,NA,NA,NA,1258000,11/15/2001,2002,ALP,3.25,1,240,311212,CLARK,NV,CORPORATION,0,NA,0,West,31,4336,1258000,NA,240,YES,YES
34777,PITTSBURGH,PA,15201,Pittsburgh,PA,15219,NA,NA,NA,166000,11/20/2001,2002,504,3.25,1,240,541410,ALLEGHENY,PA,PARTNERSHIP,0,NA,0,Northeast,54,4341,166000,NA,240,YES,YES
34881,HAYWARD,CA,94545,San Francisco,CA,94133,NA,NA,NA,232000,12/6/2001,2002,504,3.25,1,240,337110,ALAMEDA,CA,CORPORATION,0,NA,0,West,33,4357,232000,NA,240,YES,YES
34904,MODESTO,CA,95354,Modesto,CA,95353,NA,NA,NA,414000,12/10/2001,2002,504,3.25,1,240,541330,STANISLAUS,CA,CORPORATION,0,NA,0,West,54,4361,414000,NA,240,YES,YES
34916,MAHTOMEDI,MN,55115,Arden Hills,MN,55112,NA,NA,NA,324000,12/11/2001,2002,504,3.25,1,240,623312,WASHINGTON,MN,CORPORATION,1,11/28/2011,225995,Midwest,62,4362,324000,0.697515432,121,YES,YES
34950,LAKELAND,FL,33801,Tallahassee,FL,32315,NA,NA,NA,240000,12/14/2001,2002,504,3.25,1,240,453210,POLK,FL,CORPORATION,0,NA,0,South,45,4365,240000,NA,240,YES,YES
34959,NAMPA,ID,83686,Boise,ID,83702,NA,NA,NA,188000,12/17/2001,2002,ALP,3.25,1,240,621210,CANYON,ID,CORPORATION,0,NA,0,West,62,4368,188000,NA,240,YES,YES
35018,NEWTON,IA,50208,Johnston,IA,50131,NA,NA,NA,595000,12/21/2001,2002,504,3.25,1,240,722211,JASPER,IA,INDIVIDUAL,1,2/10/2009,427502,Midwest,72,4372,595000,0.718490756,86,YES,YES
35051,MADISON,WI,53715,Monona,WI,53716,NA,NA,NA,1000000,12/27/2001,2002,504,3.25,1,240,623110,DANE,WI,CORPORATION,0,NA,0,Midwest,62,4378,1.00E+06,NA,240,YES,YES
35063,EVERETT,WA,98201,Spokane Valley,WA,99212,NA,NA,NA,147000,12/28/2001,2002,504,3.25,1,240,313311,SNOHOMISH,WA,CORPORATION,0,NA,0,West,31,4379,147000,NA,240,YES,YES
35067,TRACY,CA,95376,Stockton,CA,95207,NA,NA,NA,183000,12/28/2001,2002,ALP,3.25,1,240,488410,SAN JOAQUIN,CA,CORPORATION,0,NA,0,West,48,4379,183000,NA,240,YES,YES
35086,BARRE,VT,5641,Montpelier,VT,5601,NA,NA,NA,770000,1/3/2002,2002,504,3.25,1,240,327991,WASHINGTON,VT,CORPORATION,0,NA,0,Northeast,32,4385,770000,NA,240,YES,YES
35224,HARRAH,OK,73045,Oklahoma City,OK,73116,NA,NA,NA,180000,1/23/2002,2002,504,3.25,1,240,447110,OKLAHOMA,OK,CORPORATION,0,NA,0,South,44,4405,180000,NA,240,YES,YES
35229,RANCH CUCAMONGA,CA,91730,Santa Ana,CA,92705,NA,NA,NA,149000,1/23/2002,2002,504,3.25,1,240,541320,SAN BERNARDINO,CA,INDIVIDUAL,0,NA,0,West,54,4405,149000,NA,240,YES,YES
35240,CEDAR RAPIDS,IA,52404,Johnston,IA,50131,NA,NA,NA,74000,1/24/2002,2002,ALP,3.25,1,240,453310,LINN,IA,CORPORATION,0,NA,0,Midwest,45,4406,74000,NA,240,YES,YES
35250,ELLIJAY,GA,30513,Dalton,GA,30720,NA,NA,NA,716000,1/25/2002,2002,504,3.25,1,120,444190,GILMER,GA,CORPORATION,1,6/18/2012,318555,South,44,4407,716000,0.444909218,126,YES,YES
35310,STOCKTON,CA,95204,Stockton,CA,95207,NA,NA,NA,165000,2/4/2002,2002,ALP,3.25,1,240,722110,SAN JOAQUIN,CA,CORPORATION,0,NA,0,West,72,4417,165000,NA,240,YES,YES
35363,OLATHE,KS,66062,Overland Park,KS,66210,NA,NA,NA,331000,2/11/2002,2002,504,3.25,1,240,421110,JOHNSON,KS,CORPORATION,0,NA,0,Midwest,42,4424,331000,NA,240,YES,YES
35405,CHESAPEAKE,VA,23320,Norfolk,VA,23510,NA,NA,NA,262000,2/19/2002,2002,504,3.25,1,240,621111,CHESAPEAKE CITY,VA,CORPORATION,0,NA,0,South,62,4432,262000,NA,240,YES,YES
35509,WILMINGTON,DE,19801,Wilmington,DE,19801,NA,NA,NA,145000,3/5/2002,2002,ALP,3.25,1,120,323119,NEW CASTLE,DE,CORPORATION,0,NA,0,South,32,4446,145000,NA,120,YES,YES
35593,BELLEVILLE,IL,62223,Springfield,IL,62704,NA,NA,NA,190000,3/14/2002,2002,504,3.25,1,240,722211,SAINT CLAIR,IL,CORPORATION,1,12/12/2007,179270,Midwest,72,4455,190000,0.943526316,69,YES,YES
35633,SANTA ANA,CA,92701,Santa Ana,CA,92705,NA,NA,NA,275000,3/19/2002,2002,ALP,3.25,1,240,331319,ORANGE,CA,CORPORATION,0,NA,0,West,33,4460,275000,NA,240,YES,YES
35634,GARDEN GROVE,CA,92843,Santa Ana,CA,92705,NA,NA,NA,273000,3/19/2002,2002,ALP,3.25,1,240,443112,ORANGE,CA,CORPORATION,0,NA,0,West,44,4460,273000,NA,240,YES,YES
35665,NORTH LAS VEGAS,NV,89030,Las Vegas,NV,89144,NA,NA,NA,1000000,3/21/2002,2002,ALP,3.25,1,240,327320,CLARK,NV,CORPORATION,0,NA,0,West,32,4462,1.00E+06,NA,240,YES,YES
35678,SACRAMENTO,CA,95818,Denver,CO,80202,NA,NA,NA,266000,3/22/2002,2002,PCLP,3.25,1,240,621340,SACRAMENTO,CA,INDIVIDUAL,0,NA,0,West,62,4463,266000,NA,240,NO,YES
35701,MONTCLAIR,CA,91763,Santa Ana,CA,92705,NA,NA,NA,1078000,3/27/2002,2002,ALP,3.25,1,240,441221,SAN BERNARDINO,CA,CORPORATION,0,NA,0,West,44,4468,1078000,NA,240,YES,YES
35735,NAPA,CA,94558,Walnut Creek,CA,94596,NA,NA,NA,1300000,3/28/2002,2002,ALP,3.25,1,240,541330,NAPA,CA,CORPORATION,0,NA,0,West,54,4469,1300000,NA,240,YES,YES
35744,LUXEMBURG,WI,54217,Monona,WI,53716,NA,NA,NA,1243000,3/29/2002,2002,504,3.25,1,240,112120,BROWN,WI,CORPORATION,0,NA,0,Midwest,11,4470,1243000,NA,240,YES,YES
35777,PRINEVILLE,OR,97754,Bend,OR,97701,NA,NA,NA,607000,4/3/2002,2002,504,3.25,1,240,321912,CROOK,OR,CORPORATION,0,NA,0,West,32,4475,607000,NA,240,YES,YES
35785,BOISE,ID,83702,Boise,ID,83702,NA,NA,NA,432000,4/4/2002,2002,ALP,3.25,1,240,541110,ADA,ID,CORPORATION,0,NA,0,West,54,4476,432000,NA,240,YES,YES
35806,SOMERSWORTH,NH,3878,Portsmouth,NH,3801,NA,NA,NA,521000,4/5/2002,2002,PCLP,3.25,1,240,621111,STRAFFORD,NH,INDIVIDUAL,0,NA,0,Northeast,62,4477,521000,NA,240,YES,YES
35812,SAN JOSE,CA,95124,Walnut Creek,CA,94596,NA,NA,NA,660000,4/8/2002,2002,ALP,3.25,1,240,611610,SANTA CLARA,CA,CORPORATION,0,NA,0,West,61,4480,660000,NA,240,YES,YES
35829,SANTE FE SPRINGS,CA,90670,Los Angeles,CA,90017,NA,NA,NA,327000,4/11/2002,2002,504,3.25,1,240,322231,LOS ANGELES,CA,CORPORATION,0,NA,0,West,32,4483,327000,NA,240,YES,YES
35877,PHILADELPHIA,PA,19106,Philadelphia,PA,19131,NA,NA,NA,476000,4/17/2002,2002,ALP,3.25,1,240,722211,PHILADELPHIA,PA,CORPORATION,0,NA,0,Northeast,72,4489,476000,NA,240,YES,YES
35884,CINCINNATI,OH,45204,Cincinnati,OH,45212,NA,NA,NA,307000,4/18/2002,2002,ALP,3.25,1,240,713930,HAMILTON,OH,INDIVIDUAL,0,NA,0,Midwest,71,4490,307000,NA,240,YES,YES
35965,BROWNWOOD,TX,76801,Austin,TX,78746,NA,NA,NA,1103000,4/29/2002,2002,504,3.25,1,240,721110,BROWN,TX,INDIVIDUAL,1,4/25/2008,400512,South,72,4501,1103000,0.363111514,72,YES,YES
36022,BRISTOL,CA,92705,San Diego,CA,92106,NA,NA,NA,100000,5/3/2002,2002,PCLP,3.25,1,120,336413,ORANGE,CA,CORPORATION,0,NA,0,West,33,4505,1.00E+05,NA,120,YES,YES
36049,RESTON,VA,22090,Fairfax,VA,22030,NA,NA,NA,185000,5/9/2002,2002,504,3.25,1,240,445120,FAIRFAX,VA,CORPORATION,1,6/26/2013,37842,South,44,4511,185000,0.204551351,135,YES,YES
36093,BOISE,ID,83704,Boise,ID,83702,NA,NA,NA,543000,5/14/2002,2002,ALP,3.25,1,240,421690,ADA,ID,CORPORATION,1,1/2/2013,357033,West,42,4516,543000,0.657519337,129,YES,YES
36110,HOMEWOOD,CA,96141,Denver,CO,80202,NA,NA,NA,465000,5/16/2002,2002,PCLP,3.25,1,240,722110,PLACER,CA,INDIVIDUAL,0,NA,0,West,72,4518,465000,NA,240,NO,YES
36117,RANCHO CORDOVA (MILLS),CA,95742,Denver,CO,80202,NA,NA,NA,1298000,5/17/2002,2002,PCLP,3.25,1,240,561491,SACRAMENTO,CA,CORPORATION,0,NA,0,West,56,4519,1298000,NA,240,NO,YES
36128,TRENTON,NJ,8628,Fort Lee,NJ,7024,NA,NA,NA,561000,5/20/2002,2002,504,3.25,1,120,623311,MERCER,NJ,CORPORATION,1,9/30/2008,532311,Northeast,62,4522,561000,0.948860963,77,YES,YES
36133,SANTA ROSA,CA,95401,San Francisco,CA,94111,NA,NA,NA,266000,5/20/2002,2002,ALP,3.25,1,240,235410,SONOMA,CA,CORPORATION,0,NA,0,West,23,4522,266000,NA,240,YES,YES
36175,MESA,AZ,85017,Tuscon,AZ,85711,NA,NA,NA,463000,5/24/2002,2002,PCLP,3.25,1,240,485310,MARICOPA,AZ,CORPORATION,0,NA,0,West,48,4526,463000,NA,240,YES,YES
36195,LEE'S SUMMIT,MO,64064,Jefferson City,MO,65109,NA,NA,NA,178000,5/29/2002,2002,504,3.25,1,240,524210,JACKSON,MO,CORPORATION,0,NA,0,Midwest,52,4531,178000,NA,240,YES,YES
36240,SO. SALT LAKE CITY,UT,84115,Salt Lake City,UT,84109,NA,NA,NA,96000,6/6/2002,2002,PCLP,3.25,1,240,811118,SALT LAKE,UT,CORPORATION,0,NA,0,West,81,4539,96000,NA,240,YES,YES
36260,NORTH HOLLYWOOD,CA,91601,Davis,CA,95616,NA,NA,NA,773000,6/10/2002,2002,PCLP,3.25,1,240,611519,LOS ANGELES,CA,INDIVIDUAL,0,NA,0,West,61,4543,773000,NA,240,YES,YES
36290,FORT LAUDERDALE,FL,33308,Tallahassee,FL,32315,NA,NA,NA,1032000,6/13/2002,2002,504,3.25,1,240,621340,BROWARD,FL,CORPORATION,1,3/10/2011,625696,South,62,4546,1032000,0.606294574,106,YES,YES
36308,TAMARAC,FL,33309,Tallahassee,FL,32315,NA,NA,NA,402000,6/14/2002,2002,ALP,3.25,1,240,454390,BROWARD,FL,CORPORATION,0,NA,0,South,45,4547,402000,NA,240,YES,YES
36313,HACKENSACK,MN,56452,St. Cloud,MN,56301,NA,NA,NA,319000,6/17/2002,2002,504,3.25,1,240,721199,CASS,MN,CORPORATION,0,NA,0,Midwest,72,4550,319000,NA,240,YES,YES
36376,WATERLOO,IA,50702,Waterloo,IA,50702,NA,NA,NA,153000,6/24/2002,2002,504,3.25,1,240,421120,BLACK HAWK,IA,CORPORATION,0,NA,0,Midwest,42,4557,153000,NA,240,YES,YES
36420,LOVELAND,CO,80537,Denver,CO,80202,NA,NA,NA,212000,6/26/2002,2002,PCLP,3.25,1,240,442110,LARIMER,CO,CORPORATION,1,9/22/2010,171201,West,44,4559,212000,0.807551887,100,YES,YES
36440,SAN MATEO,CA,94403,Walnut Creek,CA,94596,NA,NA,NA,455000,6/27/2002,2002,ALP,3.25,1,240,522310,SAN MATEO,CA,INDIVIDUAL,0,NA,0,West,52,4560,455000,NA,240,YES,YES
36474,SAN FRANCISCO,CA,94103,San Francisco,CA,94111,NA,NA,NA,465000,6/28/2002,2002,PCLP,3.25,1,240,234910,SAN FRANCISCO,CA,CORPORATION,0,NA,0,West,23,4561,465000,NA,240,YES,YES
36477,CHARLOTTE,NC,28208,Charlotte,NC,28210,NA,NA,NA,500000,7/1/2002,2002,ALP,3.25,1,240,722110,MECKLENBURG,NC,CORPORATION,0,NA,0,South,72,4564,5.00E+05,NA,240,YES,YES
36513,LEMARS,IA,51031,Sioux City,IA,51101,NA,NA,NA,73000,7/8/2002,2002,504,3.25,1,120,333999,PLYMOUTH,IA,INDIVIDUAL,0,NA,0,Midwest,33,4571,73000,NA,120,YES,YES
36526,HAYWARD,CA,94541,Walnut Creek,CA,94596,NA,NA,NA,177000,7/9/2002,2002,ALP,3.25,1,240,442210,ALAMEDA,CA,INDIVIDUAL,0,NA,0,West,44,4572,177000,NA,240,YES,YES
36548,GARDENA,CA,90247,Davis,CA,95616,NA,NA,NA,320000,7/11/2002,2002,PCLP,3.25,1,240,421720,LOS ANGELES,CA,CORPORATION,0,NA,0,West,42,4574,320000,NA,240,YES,YES
36573,ZIMERMAN,MN,55398,St. Cloud,MN,56301,NA,NA,NA,386000,7/16/2002,2002,504,3.25,1,240,484110,SHERBURNE,MN,CORPORATION,0,NA,0,Midwest,48,4579,386000,NA,240,YES,YES
36606,COLUMBUS,NE,68601,Lincoln,NE,68526,NA,NA,NA,425000,7/19/2002,2002,504,3.25,1,240,447110,PLATTE,NE,CORPORATION,0,NA,0,Midwest,44,4582,425000,NA,240,YES,YES
36665,BACKUS,MN,56435,St. Cloud,MN,56301,NA,NA,NA,253000,7/26/2002,2002,ALP,3.25,1,240,721199,CASS,MN,INDIVIDUAL,0,NA,0,Midwest,72,4589,253000,NA,240,YES,YES
36720,IRVINE,CA,92618,San Diego,CA,92106,NA,NA,NA,1300000,8/2/2002,2002,ALP,3.25,1,240,531390,ORANGE,CA,CORPORATION,0,NA,0,West,53,4596,1300000,NA,240,YES,YES
36723,SAN FRANCISCO,CA,94103,San Francisco,CA,94133,NA,NA,NA,229000,8/2/2002,2002,PCLP,3.25,1,240,485320,SAN FRANCISCO,CA,CORPORATION,0,NA,0,West,48,4596,229000,NA,240,YES,YES
36739,FRESNO,CA,93710,Fresno,CA,93711,NA,NA,NA,505000,8/6/2002,2002,504,3.25,1,240,621498,FRESNO,CA,CORPORATION,0,NA,0,West,62,4600,505000,NA,240,YES,YES
36756,FRESNO,CA,93710,Fresno,CA,93711,NA,NA,NA,999000,8/8/2002,2002,504,3.25,1,240,441120,FRESNO,CA,CORPORATION,0,NA,0,West,44,4602,999000,NA,240,YES,YES
36859,NORTHGLENN,CO,80233,Denver,CO,80203,NA,NA,NA,137000,8/20/2002,2002,504,3.25,1,240,811192,ADAMS,CO,CORPORATION,1,11/6/2009,0,West,81,4614,137000,0,87,YES,YES
36870,MERRILLVILLE,IN,46410,Indianapolis,IN,46240,NA,NA,NA,964000,8/22/2002,2002,504,3.25,1,240,721110,LAKE,IN,CORPORATION,0,NA,0,Midwest,72,4616,964000,NA,240,YES,YES
36890,CHINO,CA,91710,Santa Ana,CA,92705,NA,NA,NA,787000,8/23/2002,2002,ALP,3.25,1,240,441310,SAN BERNARDINO,CA,CORPORATION,0,NA,0,West,44,4617,787000,NA,240,YES,YES
36906,FERNDALE,WA,98248,Seattle,WA,98168,NA,NA,NA,471000,8/26/2002,2002,504,3.25,1,240,422110,WHATCOM,WA,CORPORATION,0,NA,0,West,42,4620,471000,NA,240,YES,YES
36937,FAIRFIELD,CA,94534,San Francisco,CA,94133,NA,NA,NA,393000,8/29/2002,2002,PCLP,3.25,1,240,422690,SOLANO,CA,CORPORATION,0,NA,0,West,42,4623,393000,NA,240,YES,YES
36955,TULSA,OK,85208,Tulsa,OK,74120,NA,NA,NA,468000,9/3/2002,2002,504,3.25,1,240,332322,TULSA,OK,CORPORATION,1,5/25/2011,309625,South,33,4628,468000,0.66159188,106,YES,YES
36984,SAN MARCOS,CA,92069,San Diego,CA,92106,NA,NA,NA,906000,9/5/2002,2002,ALP,3.25,1,240,235910,SAN DIEGO,CA,CORPORATION,1,12/5/2012,585699,West,23,4630,906000,0.646466887,124,YES,YES
36996,GAINESVILLE,FL,32606,Tallahassee,FL,32315,NA,NA,NA,80000,9/6/2002,2002,504,3.25,1,240,541370,ALACHUA,FL,CORPORATION,0,NA,0,South,54,4631,80000,NA,240,YES,YES
37028,AMHERST,TX,79312,Lubbock,TX,79412,NA,NA,NA,996000,9/10/2002,2002,ALP,3.25,1,240,112111,LAMB,TX,INDIVIDUAL,0,NA,0,South,11,4635,996000,NA,240,YES,YES
37033,DRESDEN,TN,38225,Paris,TN,38242,NA,NA,NA,320000,9/11/2002,2002,504,3.25,1,240,441110,WEAKLEY,TN,CORPORATION,0,NA,0,South,44,4636,320000,NA,240,YES,YES
37055,LUDINGTON,MI,49341,Howard City,MI,49329,NA,NA,NA,147000,9/13/2002,2002,504,3.25,1,240,235110,MASON,MI,CORPORATION,1,3/11/2009,121638,Midwest,23,4638,147000,0.827469388,79,YES,YES
37068,MIAMI,FL,33016,Lake Worth,FL,33467,NA,NA,NA,80000,9/17/2002,2002,ALP,3.25,1,240,337110,DADE,FL,CORPORATION,0,NA,0,South,33,4642,80000,NA,240,YES,YES
37118,TALLAHASSEE,FL,32304,Birmingham,AL,35209,NA,NA,NA,191000,9/23/2002,2002,504,3.25,1,240,421120,LEON,FL,CORPORATION,1,9/30/2008,187887,South,42,4648,191000,0.983701571,73,NO,YES
37121,FREEBURG,IL,62243,Springfield,IL,62704,NA,NA,NA,85000,9/23/2002,2002,ALP,3.25,1,240,448150,SAINT CLAIR,IL,CORPORATION,0,NA,0,Midwest,44,4648,85000,NA,240,YES,YES
37127,CHULA VISTA,CA,91910,San Diego,CA,92106,NA,NA,NA,199000,9/23/2002,2002,ALP,3.25,1,240,421610,SAN DIEGO,CA,CORPORATION,0,NA,0,West,42,4648,199000,NA,240,YES,YES
37164,GAITHERSBURG,MD,20878,Glen Burnie,MD,21061,NA,NA,NA,373000,9/25/2002,2002,504,3.25,1,240,722410,MONTGOMERY,MD,CORPORATION,0,NA,0,South,72,4650,373000,NA,240,YES,YES
37213,FORT WAYNE,IN,46825,Fort Wayne,IN,46802,NA,NA,NA,541000,9/30/2002,2002,504,3.25,1,240,444130,ALLEN,IN,CORPORATION,0,NA,0,Midwest,44,4655,541000,NA,240,YES,YES
37224,DENNISPORT,MA,2639,Taunton,MA,2780,NA,NA,NA,157000,9/30/2002,2002,ALP,3.25,1,240,722213,BARNSTABLE,MA,INDIVIDUAL,0,NA,0,Northeast,72,4655,157000,NA,240,YES,YES
37241,DALLAS,OR,97338,Salem,OR,97301,COLUMBUS,OH,401432,336000,10/3/2002,2003,504,3.25,1,240,443112,POLK,OR,CORPORATION,0,NA,0,West,44,4658,737432,NA,240,YES,YES
37281,GREEN BAY,WI,54313,Green Bay,WI,54301,NA,NA,NA,956000,10/11/2002,2003,504,3.25,1,240,444190,BROWN,WI,CORPORATION,0,NA,0,Midwest,44,4666,956000,NA,240,YES,YES
37284,WAPPINGERS FALLS,NY,12590,Albany,NY,12207,NA,NA,NA,147000,10/11/2002,2003,504,3.25,1,240,811111,DUTCHESS,NY,CORPORATION,0,NA,0,Northeast,81,4666,147000,NA,240,YES,YES
37356,NASHVILLE,TN,37211,Nashville,TN,37219,BROWNSVILLE,TN,587500,371000,10/24/2002,2003,504,3.25,1,240,811192,DAVIDSON,TN,CORPORATION,1,5/6/2008,338176,South,81,4679,958500,0.352817945,67,YES,YES
37368,MT. PLEASANT,UT,84663,Salt Lake City,UT,84109,PROVO,UT,202000,170000,10/24/2002,2003,504,3.25,1,240,623220,SANPETE,UT,CORPORATION,0,NA,0,West,62,4679,372000,NA,240,YES,YES
37449,CRESCO,IA,52136,Waterloo,IA,50702,CRESCO,IA,97595,71000,11/4/2002,2003,504,3.25,1,120,722211,HOWARD,IA,PARTNERSHIP,0,NA,0,Midwest,72,4690,168595,NA,120,YES,YES
37510,CALEDONIA,MI,49316,GRAND RAPIDS,MI,49505,CINCINNATI,OH,517500,452000,11/12/2002,2003,504,3.25,1,240,811121,KENT,MI,CORPORATION,1,6/22/2012,400775,Midwest,81,4698,969500,0.413383187,117,YES,YES
37543,WEST HOLLYWOOD (BR. P.O. NAME,CA,90069,Davis,CA,95616,LONG BEACH,CA,1890000,1297000,11/15/2002,2003,PCLP,3.25,1,240,711110,LOS ANGELES,CA,CORPORATION,0,NA,0,West,71,4701,3187000,NA,240,YES,YES
37544,WORTHINGTON,MN,56187,Slayton,MN,56172,NA,NA,NA,201000,11/18/2002,2003,504,3.25,1,240,721310,NOBLES,MN,CORPORATION,0,NA,0,Midwest,72,4704,201000,NA,240,YES,YES
37589,MARION,IN,46952,Indianapolis,IN,46240,EVANSVILLE,IN,930000,805000,11/20/2002,2003,504,3.25,1,240,541519,GRANT,IN,CORPORATION,1,12/28/2007,829606,Midwest,54,4706,1735000,0.478159078,62,YES,YES
37592,HOUSTON,TX,77070,Houston,TX,77027,NA,NA,NA,235000,11/20/2002,2003,504,3.25,1,240,442210,HARRIS,TX,CORPORATION,0,NA,0,South,44,4706,235000,NA,240,YES,YES
37618,PALO ALTO,CA,94303,San Francisco,CA,94111,SIOUX FALLS,SD,485000,401000,11/22/2002,2003,PCLP,3.25,1,240,422610,SANTA CLARA,CA,CORPORATION,0,NA,0,West,42,4708,886000,NA,240,YES,YES
37628,NORFOLK,VA,23503,Norfolk,VA,23510,NORFOLK,VA,575000,358000,11/25/2002,2003,504,3.25,1,240,721110,NORFOLK CITY,VA,CORPORATION,0,NA,0,South,72,4711,933000,NA,240,YES,YES
37638,BURBANK,CA,91504,Los Angeles,CA,90017,NEW YORK CITY,NY,1046150,863000,11/26/2002,2003,504,3.25,1,240,323110,LOS ANGELES,CA,CORPORATION,0,NA,0,West,32,4712,1909150,NA,240,YES,YES
37678,LAFAYETTE,LA,70501,Lafayette,LA,70508,NA,NA,NA,106000,12/2/2002,2003,504,3.25,1,240,111998,LAFAYETTE,LA,INDIVIDUAL,0,NA,0,South,11,4718,106000,NA,240,YES,YES
37697,COLUMBUS,OH,43235,Columbus,OH,43215,WILMINGTON,DE,625000,520000,12/3/2002,2003,504,3.25,1,240,611610,FRANKLIN,OH,CORPORATION,0,NA,0,Midwest,61,4719,1145000,NA,240,YES,YES
37790,IRVINE,CA,92614,San Diego,CA,92106,ONTARIO,CA,1160000,955000,12/13/2002,2003,PCLP,3.25,1,240,421830,ORANGE,CA,CORPORATION,0,NA,0,West,42,4729,2115000,NA,240,YES,YES
37888,MARSHFIELD,MA,2050,Wakefield,MA,1880,BOSTON,MA,775000,638000,12/23/2002,2003,ALP,3.25,1,240,562211,PLYMOUTH,MA,CORPORATION,0,NA,0,Northeast,56,4739,1413000,NA,240,YES,YES
37894,BURNSVILLE,MN,55337,Vadnais Heights,MN,55110,GREEN BAY,WI,424000,360000,12/24/2002,2003,PCLP,3.25,1,240,811121,DAKOTA,MN,CORPORATION,0,NA,0,Midwest,81,4740,784000,NA,240,YES,YES
37919,WALPOLE,MA,2081,Waltham,MA,2451,WALPOLE,MA,206000,181000,12/30/2002,2003,504,3.25,1,240,711110,NORFOLK,MA,INDIVIDUAL,0,NA,0,Northeast,71,4746,387000,NA,240,YES,YES
37930,COLFAX,WI,54730,Monona,WI,53716,NA,NA,NA,188000,12/30/2002,2003,ALP,3.25,1,240,321999,DUNN,WI,CORPORATION,0,NA,0,Midwest,32,4746,188000,NA,240,YES,YES
38041,WARRIOR,AL,35180,Birmingham,AL,35209,NA,NA,NA,89000,1/16/2003,2003,504,3.25,1,240,811121,JEFFERSON,AL,CORPORATION,1,1/21/2009,78095,South,81,4763,89000,0.87747191,73,YES,YES
38077,SEATTLE,WA,98108,Seattle,WA,98168,SAN DIEGO,CA,1209950,1004000,1/23/2003,2003,ALP,3.25,1,240,326199,KING,WA,CORPORATION,0,NA,0,West,32,4770,2213950,NA,240,YES,YES
38091,OXNARD,CA,93033,Santa Maria,CA,93454,SAN FRANCISCO,CA,850000,700000,1/24/2003,2003,504,3.25,1,240,316110,VENTURA,CA,CORPORATION,0,NA,0,West,31,4771,1550000,NA,240,YES,YES
38111,MEDFORD,OR,97535,North Bend,OR,97459,RALEIGH,NC,1698000,820000,1/27/2003,2003,504,3.25,1,240,721110,JACKSON,OR,CORPORATION,1,6/22/2013,615432,West,72,4774,2518000,0.244413026,126,YES,YES
38156,POMPANO BEACH,FL,33069,Lake Worth,FL,33467,HOUSTON,TX,216700,181000,1/30/2003,2003,PCLP,3.25,1,240,562910,BROWARD,FL,CORPORATION,0,NA,0,South,56,4777,397700,NA,240,YES,YES
38158,BROOKLYN,NY,11207,Albany,NY,12207,NA,NA,NA,93000,1/31/2003,2003,504,3.25,1,240,441310,KINGS,NY,CORPORATION,0,NA,0,Northeast,44,4778,93000,NA,240,YES,YES
38178,PITTSBURGH,PA,15217,Pittsburgh,PA,15219,NA,NA,NA,1249000,2/3/2003,2003,504,3.25,1,240,541710,ALLEGHENY,PA,CORPORATION,0,NA,0,Northeast,54,4781,1249000,NA,240,YES,YES
38219,KENNEWICK,WA,99336,Spokane Valley,WA,99212,KENNEWICK,WA,96958,83000,2/6/2003,2003,504,3.25,1,240,624310,BENTON,WA,INDIVIDUAL,0,NA,0,West,62,4784,179958,NA,240,YES,YES
38226,SHEBOYGAN,WI,53081,Monona,WI,53716,NA,NA,NA,1149000,2/10/2003,2003,ALP,3.25,1,240,721110,SHEBOYGAN,WI,CORPORATION,0,NA,0,Midwest,72,4788,1149000,NA,240,YES,YES
38261,ARCATA,CA,95521,Arcata,CA,95521,Roseburg,OR,1.00E+06,1005000,2/12/2003,2003,504,3.25,1,240,311513,HUMBOLDT,CA,CORPORATION,0,NA,0,West,31,4790,2005000,NA,240,YES,YES
38271,VAN WERT,OH,45891,Columbus,OH,43204,WOODSFIELD,OH,592500,977000,2/13/2003,2003,504,3.25,1,240,336322,VAN WERT,OH,CORPORATION,0,NA,0,Midwest,33,4791,1569500,NA,240,YES,YES
38287,HILLIARD,OH,43026,Columbus,OH,43215,COLUMBUS,OH,447091,208000,2/18/2003,2003,504,3.25,1,240,336322,FRANKLIN,OH,CORPORATION,0,NA,0,Midwest,33,4796,655091,NA,240,YES,YES
38291,LEXINGTON,SC,29072,Columbia,SC,29210,COLUMBIA,SC,6.00E+05,435000,2/19/2003,2003,504,3.25,1,240,444130,LEXINGTON,SC,CORPORATION,1,12/30/2010,292074,South,44,4797,1035000,0.282197101,95,YES,YES
38380,RIVERTON,UT,84065,Salt Lake City,UT,84109,SALT LAKE CITY,UT,178830,158000,2/28/2003,2003,504,3.25,1,240,722211,SALT LAKE,UT,CORPORATION,0,NA,0,West,72,4806,336830,NA,240,YES,YES
38396,WAXAHACHIE,TX,75165,Austin,TX,78762,HOUSTON,TX,1255000,790000,3/3/2003,2003,504,3.25,1,240,721110,ELLIS,TX,CORPORATION,0,NA,0,South,72,4809,2045000,NA,240,YES,YES
38405,ESCONDIDO,CA,92025,San Diego,CA,92106,SAN FRANCISCO,CA,5.00E+05,504000,3/4/2003,2003,ALP,3.25,1,240,421910,SAN DIEGO,CA,CORPORATION,0,NA,0,West,42,4810,1004000,NA,240,YES,YES
38433,MT VERNON,WA,98273,Spokane Valley,WA,99212,BURLINGTON,WA,147500,124000,3/6/2003,2003,504,3.25,1,240,621511,SKAGIT,WA,CORPORATION,0,NA,0,West,62,4812,271500,NA,240,YES,YES
38473,BIRMINGHAM,AL,35242,Birmingham,AL,35203,NA,NA,NA,626000,3/11/2003,2003,504,3.25,1,240,561439,JEFFERSON,AL,CORPORATION,0,NA,0,South,56,4817,626000,NA,240,YES,YES
38482,NAMPA,ID,83687,Boise,ID,83702,BOISE,ID,110000,101000,3/12/2003,2003,ALP,3.25,1,240,481211,CANYON,ID,CORPORATION,0,NA,0,West,48,4818,211000,NA,240,YES,YES
38532,SAN DIEGO,CA,92121,San Diego,CA,92106,SIOUX FALLS,SD,325000,269000,3/19/2003,2003,ALP,3.25,1,240,422490,SAN DIEGO,CA,CORPORATION,1,7/31/2013,44501,West,42,4825,594000,0.074917508,126,YES,YES
38533,YONKERS,NY,10704,Albany,NY,12207,NA,NA,NA,171000,3/19/2003,2003,504,3.25,1,240,235710,WESTCHESTER,NY,CORPORATION,0,NA,0,Northeast,23,4825,171000,NA,240,YES,YES
38541,POPULAR GROVE,IL,61065,Rockford,IL,61101,Cincinnati,OH,437500,354000,3/20/2003,2003,504,3.25,1,240,722410,BOONE,IL,CORPORATION,1,7/22/2011,349737,Midwest,72,4826,791500,0.441866077,101,YES,YES
38609,GRASS VALLEY,CA,95945,Denver,CO,80202,SIOUX FALLS,SD,4.00E+05,332000,3/28/2003,2003,ALP,3.25,1,240,621340,NEVADA,CA,CORPORATION,0,NA,0,West,62,4834,732000,NA,240,NO,YES
38610,YACHATS,OR,97498,Salem,OR,97301,FLORENCE,OR,1179191,733000,3/28/2003,2003,504,3.25,1,240,721110,LINCOLN,OR,INDIVIDUAL,0,NA,0,West,72,4834,1912191,NA,240,YES,YES
38652,HAZEL GREEN,AL,35750,Montgomery,AL,36117,BIRMINGHAM,AL,692222,603000,4/2/2003,2003,504,3.25,1,240,445110,MADISON,AL,CORPORATION,0,NA,0,South,44,4839,1295222,NA,240,YES,YES
38657,MIDDLEBORO,MA,2346,Taunton,MA,2780,BOSTON,MA,135000,113000,4/3/2003,2003,ALP,3.25,1,240,421120,PLYMOUTH,MA,CORPORATION,1,2/18/2009,104104,Northeast,42,4840,248000,0.419774194,71,YES,YES
38659,WESTMINSTER,CO,80031,Denver,CO,80202,AURORA,CO,77500,65000,4/3/2003,2003,PCLP,3.25,1,240,621399,ADAMS,CO,INDIVIDUAL,0,NA,0,West,62,4840,142500,NA,240,YES,YES
38661,ROUND ROCK,TX,78681,Austin,TX,78704,FLORENCE,TX,382809,310000,4/3/2003,2003,504,3.25,1,240,487110,WILLIAMSON,TX,CORPORATION,0,NA,0,South,48,4840,692809,NA,240,YES,YES
38684,OREM,UT,84058,Salt Lake City,UT,84109,PROVO,UT,74600,71000,4/7/2003,2003,504,3.25,1,240,531320,UTAH,UT,CORPORATION,0,NA,0,West,53,4844,145600,NA,240,YES,YES
38688,ST. HENRY,OH,45883,Lima,OH,45805,COLDWATER,OH,125000,106000,4/7/2003,2003,504,3.25,1,240,333511,MERCER,OH,CORPORATION,0,NA,0,Midwest,33,4844,231000,NA,240,YES,YES
38702,BREA,CA,92821,Santa Ana,CA,92705,ENCINO,CA,524250,432000,4/8/2003,2003,504,3.25,1,240,235420,ORANGE,CA,CORPORATION,0,NA,0,West,23,4845,956250,NA,240,YES,YES
38704,FARGO,ND,58103,Fargo,ND,58104,FARGO,ND,165000,138000,4/8/2003,2003,ALP,3.25,1,240,453998,CASS,ND,CORPORATION,0,NA,0,Midwest,45,4845,303000,NA,240,YES,YES
38709,SALT LAKE CITY,UT,84106,Salt Lake City,UT,84109,SIOUX FALLS,SD,259000,209000,4/8/2003,2003,504,3.25,1,240,453310,SALT LAKE,UT,CORPORATION,0,NA,0,West,45,4845,468000,NA,240,YES,YES
38739,OTSEGO,MN,55330,St. Cloud,MN,56301,ADRIAN,MN,982000,712000,4/10/2003,2003,504,3.25,1,240,722211,SHERBURNE,MN,CORPORATION,0,NA,0,Midwest,72,4847,1694000,NA,240,YES,YES
38770,DENVER,CO,80224,Denver,CO,80203,DENVER,CO,340000,280000,4/16/2003,2003,504,3.25,1,240,621112,DENVER,CO,CORPORATION,0,NA,0,West,62,4853,620000,NA,240,YES,YES
38798,DAVIE,FL,33314,Lake Worth,FL,33467,WESTON,FL,375000,313000,4/17/2003,2003,ALP,3.25,1,240,561491,BROWARD,FL,CORPORATION,0,NA,0,South,56,4854,688000,NA,240,YES,YES
38823,PUEBLO,CO,81008,Pueblo,CO,81003,CANON CITY,CO,1179500,972000,4/21/2003,2003,504,3.25,1,240,447190,PUEBLO,CO,CORPORATION,1,1/16/2013,729823,West,44,4858,2151500,0.339215896,118,YES,YES
38831,RICE LAKE,WI,54868,Monona,WI,53716,NA,NA,NA,916000,4/22/2003,2003,504,3.25,1,240,441221,BARRON,WI,CORPORATION,0,NA,0,Midwest,44,4859,916000,NA,240,YES,YES
38845,NEWPORT,NH,3773,Concord,NH,3302,NORWICH,VT,137500,87000,4/23/2003,2003,ALP,3.25,1,240,444210,SULLIVAN,NH,CORPORATION,0,NA,0,Northeast,44,4860,224500,NA,240,YES,YES
38864,BATAVIA,IL,60510,Chicago,IL,60605,HINSDALE,IL,745000,614000,4/24/2003,2003,504,3.25,1,240,333511,KANE,IL,CORPORATION,0,NA,0,Midwest,33,4861,1359000,NA,240,YES,YES
38888,LINCOLN,NE,68521,Lincoln,NE,68526,LINCOLN,NE,1971802,1000000,4/29/2003,2003,504,3.25,1,240,441221,LANCASTER,NE,CORPORATION,0,NA,0,Midwest,44,4866,2971802,NA,240,YES,YES
38893,MANDAN,ND,58554,Fargo,ND,58104,HEBRON,ND,630000,521000,4/29/2003,2003,ALP,3.25,1,240,722110,BURLEIGH,ND,PARTNERSHIP,0,NA,0,Midwest,72,4866,1151000,NA,240,YES,YES
38928,FORT COLLINS,CO,80524,Denver,CO,80202,LAKEWOOD,CO,177000,147000,5/2/2003,2003,PCLP,3.25,1,240,541330,LARIMER,CO,CORPORATION,0,NA,0,West,54,4869,324000,NA,240,YES,YES
38954,RENO,NV,89502,Las Vegas,NV,89144,SIOUX FALLS,SD,275000,228000,5/6/2003,2003,ALP,3.25,1,240,235990,WASHOE,NV,CORPORATION,0,NA,0,West,23,4873,503000,NA,240,YES,YES
39001,MIAMI,FL,33014,Lake Worth,FL,33467,ORLANDO,FL,737500,614000,5/9/2003,2003,ALP,3.25,1,240,421990,DADE,FL,CORPORATION,0,NA,0,South,42,4876,1351500,NA,240,YES,YES
39023,WATKINSVILLE,GA,30677,Atlanta,GA,30339,CONYERS,GA,682500,568000,5/13/2003,2003,ALP,3.25,1,240,711110,ROCKDALE,GA,CORPORATION,0,NA,0,South,71,4880,1250500,NA,240,YES,YES
39047,SAUKVILLE,WI,53080,Monona,WI,53716,NA,NA,NA,183000,5/15/2003,2003,504,3.25,1,240,561790,OZAUKEE,WI,CORPORATION,0,NA,0,Midwest,56,4882,183000,NA,240,YES,YES
39052,HELOTES,TX,78023,Austin,TX,78762,SAN ANTONIO,TX,507169,602000,5/16/2003,2003,504,3.25,1,240,722110,BEXAR,TX,CORPORATION,0,NA,0,South,72,4883,1109169,NA,240,YES,YES
39065,BAKERSFIELD,CA,93301,Bakersfield,CA,93301,ONTARIO,CA,170000,142000,5/16/2003,2003,504,3.25,1,240,492210,KERN,CA,CORPORATION,0,NA,0,West,49,4883,312000,NA,240,YES,YES
39066,EDEN PRAIRIE,MN,55347,Vadnais Heights,MN,55110,EDEN PRAIRIE,MN,734811,606000,5/16/2003,2003,PCLP,3.25,1,240,442110,HENNEPIN,MN,CORPORATION,0,NA,0,Midwest,44,4883,1340811,NA,240,YES,YES
39074,STIGLER,OK,74462,Durant,OK,74701,SALLISAW,OK,336000,245000,5/20/2003,2003,504,3.25,1,240,721110,HASKELL,OK,CORPORATION,0,NA,0,South,72,4887,581000,NA,240,YES,YES
39115,LAFAYETTE,LA,70506,Lafayette,LA,70508,RAYNE,LA,442000,201000,5/23/2003,2003,504,3.25,1,240,445299,LAFAYETTE,LA,CORPORATION,0,NA,0,South,44,4890,643000,NA,240,YES,YES
39187,NORTH BRANCH,MN,55056,St. Cloud,MN,56301,NA,NA,NA,240000,6/3/2003,2003,504,3.25,1,240,421130,CHISAGO,MN,INDIVIDUAL,0,NA,0,Midwest,42,4901,240000,NA,240,YES,YES
39194,SALEM,IL,62881,Salem,IL,62881,MCLEANSBORO,IL,1664650,1200000,6/3/2003,2003,504,3.25,1,120,515120,MARION,IL,CORPORATION,0,NA,0,Midwest,51,4901,2864650,NA,120,YES,YES
39208,SPANISH FORK,UT,84660,Salt Lake City,UT,84109,LIVINGSTON,NJ,706200,389000,6/4/2003,2003,504,3.25,1,240,722211,UTAH,UT,CORPORATION,0,NA,0,West,72,4902,1095200,NA,240,YES,YES
39397,VISALIA,CA,93278,Tulare,CA,93274,SIOUX FALLS,SD,572500,415000,6/25/2003,2003,504,3.25,1,240,722211,TULARE,CA,CORPORATION,0,NA,0,West,72,4923,987500,NA,240,YES,YES
39401,LOS ANGELES,CA,90015,Davis,CA,95616,SIOUX FALLS,SD,205000,171000,6/25/2003,2003,PCLP,3.25,1,240,339999,LOS ANGELES,CA,INDIVIDUAL,0,NA,0,West,33,4923,376000,NA,240,YES,YES
39421,ALBUQUERQUE,NM,87109,Albuquerque,NM,87109,Cincinnati,OH,660000,478000,6/26/2003,2003,ALP,3.25,1,240,441110,BERNALILLO,NM,CORPORATION,0,NA,0,West,44,4924,1138000,NA,240,YES,YES
39422,LAS VEGAS,NV,89115,Las Vegas,NV,89144,SIOUX FALLS,SD,152500,128000,6/26/2003,2003,ALP,3.25,1,240,235710,CLARK,NV,PARTNERSHIP,0,NA,0,West,23,4924,280500,NA,240,YES,YES
39439,PORT SAINT LUCIE,FL,34592,Tallahassee,FL,32315,WILMINGTON,DE,275691,201000,6/27/2003,2003,ALP,3.25,1,240,532310,SAINT LUCIE,FL,CORPORATION,1,5/25/2010,37771,South,53,4925,476691,0.079235815,84,YES,YES
39478,FRESNO,CA,93726,Fresno,CA,93711,MERCED,CA,686000,567000,6/30/2003,2003,504,3.25,1,240,234920,FRESNO,CA,CORPORATION,0,NA,0,West,23,4928,1253000,NA,240,YES,YES
39580,HAYWARD,CA,94545,San Francisco,CA,94111,FREMONT,CA,1.00E+06,825000,7/11/2003,2003,504,3.25,1,240,488330,ALAMEDA,CA,PARTNERSHIP,0,NA,0,West,48,4939,1825000,NA,240,YES,YES
39581,MINNEAPOLIS,MN,55419,Minneapolis,MN,55401,MINNEAPOLIS,MN,725000,598000,7/11/2003,2003,PCLP,3.25,1,240,453220,HENNEPIN,MN,CORPORATION,0,NA,0,Midwest,45,4939,1323000,NA,240,YES,YES
39628,GREELEY,CO,80634,Denver,CO,80202,OMAHA,NE,247000,201000,7/16/2003,2003,PCLP,3.25,1,240,443111,WELD,CO,CORPORATION,0,NA,0,West,44,4944,448000,NA,240,YES,YES
39649,RIVERSIDE,CA,92501,San Diego,CA,92106,SAN FRANCISCO,CA,9.00E+05,652000,7/18/2003,2003,PCLP,3.25,1,240,422480,RIVERSIDE,CA,CORPORATION,0,NA,0,West,42,4946,1552000,NA,240,YES,YES
39684,FONTANA,CA,92335,Redlands,CA,92373,ONTARIO,CA,192500,163000,7/23/2003,2003,504,3.25,1,240,561730,SAN BERNARDINO,CA,CORPORATION,0,NA,0,West,56,4951,355500,NA,240,YES,YES
39692,SAN JOSE,CA,95134,San Francisco,CA,94111,SAN DIEGO,CA,3623000,1300000,7/23/2003,2003,504,3.25,1,240,514210,SANTA CLARA,CA,CORPORATION,0,NA,0,West,51,4951,4923000,NA,240,YES,YES
39704,DECATUR,IL,62526,Springfield,IL,62704,MATTOON,IL,7.00E+05,510000,7/24/2003,2003,504,3.25,1,240,812210,MACON,IL,CORPORATION,0,NA,0,Midwest,81,4952,1210000,NA,240,YES,YES
39844,COLUMBIA,IL,62236,Springfield,IL,62704,CLAYTON,MO,480403,398000,8/11/2003,2003,ALP,3.25,1,240,722211,MONROE,IL,CORPORATION,0,NA,0,Midwest,72,4970,878403,NA,240,YES,YES
39873,ESCONDIDO,CA,92029,San Diego,CA,92106,LOMA LINDA,CA,192000,158000,8/14/2003,2003,ALP,3.25,1,240,541320,SAN DIEGO,CA,CORPORATION,0,NA,0,West,54,4973,350000,NA,240,YES,YES
39934,GREENLAND,NH,3840,Portsmouth,NH,3801,DOVER,NH,86250,71000,8/22/2003,2003,ALP,3.25,1,240,541890,ROCKINGHAM,NH,CORPORATION,0,NA,0,Northeast,54,4981,157250,NA,240,YES,YES
39949,RENO,NV,89502,Las Vegas,NV,89144,SAN DIEGO,CA,370000,269000,8/22/2003,2003,ALP,3.25,1,240,447110,WASHOE,NV,INDIVIDUAL,0,NA,0,West,44,4981,639000,NA,240,YES,YES
39961,GLENDALE,CA,91205,Davis,CA,95616,SAN DIEGO,CA,750000,388000,8/25/2003,2003,504,3.25,1,240,541330,LOS ANGELES,CA,CORPORATION,0,NA,0,West,54,4984,1138000,NA,240,YES,YES
39990,NEW FRANKEN,WI,54229,Green Bay,WI,54301,NA,NA,NA,662000,8/28/2003,2003,504,3.25,1,120,339999,BROWN,WI,CORPORATION,0,NA,0,Midwest,33,4987,662000,NA,120,YES,YES
40022,DODGE CITY,KS,67801,Dodge City,KS,67801,SPEARVILLE,KS,103950,68000,9/3/2003,2003,504,3.25,1,240,447190,FORD,KS,CORPORATION,0,NA,0,Midwest,44,4993,171950,NA,240,YES,YES
40060,LAKE FOREST,CA,92630,Santa Ana,CA,92705,SIOUX FALLS,SD,887300,732000,9/9/2003,2003,504,3.25,1,240,522292,ORANGE,CA,CORPORATION,0,NA,0,West,52,4999,1619300,NA,240,YES,YES
40081,MONTGOMERY,AL,36117,Montgomery,AL,36117,SIOUX FALLS,SD,650000,669000,9/10/2003,2003,504,3.25,1,240,442299,MONTGOMERY,AL,CORPORATION,1,9/16/2011,602531,South,44,5000,1319000,0.456808946,97,YES,YES
40103,FAYETTEVILLE,NC,28303,Durham,NC,27701,DUNN,NC,189500,132000,9/12/2003,2003,504,3.25,1,240,811490,CUMBERLAND,NC,INDIVIDUAL,0,NA,0,South,81,5002,321500,NA,240,YES,YES
40119,MT. VERNON,IA,52314,Johnston,IA,50131,MANCHESTER,IA,2135000,970000,9/15/2003,2003,ALP,3.25,1,240,441110,LINN,IA,CORPORATION,0,NA,0,Midwest,44,5005,3105000,NA,240,YES,YES
40132,SEABROOK,NH,3874,Portsmouth,NH,3801,HAVERHILL,MA,650000,476000,9/16/2003,2003,ALP,3.25,1,240,332710,ROCKINGHAM,NH,CORPORATION,0,NA,0,Northeast,33,5006,1126000,NA,240,YES,YES
40148,SYCAMORE,IL,60178,Springfield,IL,62704,AURORA,IL,262500,222000,9/17/2003,2003,ALP,3.25,1,240,541511,DEKALB,IL,CORPORATION,0,NA,0,Midwest,54,5007,484500,NA,240,YES,YES
40178,BRONX,NY,10459,Bronx,NY,10451,NA,NA,NA,106000,9/22/2003,2003,504,3.25,1,240,448140,BRONX,NY,CORPORATION,1,9/21/2009,0,Northeast,44,5012,106000,0,73,YES,YES
40188,ONTARIO,CA,91764,Redlands,CA,92373,Cincinnati,OH,1095000,904000,9/23/2003,2003,504,3.25,1,240,531210,SAN BERNARDINO,CA,CORPORATION,0,NA,0,West,53,5013,1999000,NA,240,YES,YES
40195,IRVINE,CA,92618,San Diego,CA,92106,IRVINE,CA,478000,395000,9/23/2003,2003,PCLP,3.25,1,240,532490,ORANGE,CA,CORPORATION,0,NA,0,West,53,5013,873000,NA,240,YES,YES
40200,NEWFIELD,NJ,8344,Fort Lee,NJ,7024,VINELAND,NJ,234240,172000,9/24/2003,2003,504,3.25,1,240,722110,ATLANTIC,NJ,PARTNERSHIP,1,9/19/2010,129954,Northeast,72,5014,406240,0.319894644,85,YES,YES
40220,LOS ANGELES,CA,90011,Davis,CA,95616,ANAHEIM,CA,587500,245000,9/24/2003,2003,PCLP,3.25,1,240,422320,LOS ANGELES,CA,CORPORATION,0,NA,0,West,42,5014,832500,NA,240,YES,YES
40227,MIAMI,FL,33172,Lake Worth,FL,33467,MIAMI,FL,295000,243000,9/25/2003,2003,ALP,3.25,1,240,423690,DADE,FL,CORPORATION,0,NA,0,South,42,5015,538000,NA,240,YES,YES
40229,CORONA,CA,92880,San Diego,CA,92106,ESCONDIDO,CA,650000,536000,9/25/2003,2003,504,3.25,1,240,522310,RIVERSIDE,CA,CORPORATION,0,NA,0,West,52,5015,1186000,NA,240,YES,YES
40242,ELKHART,IN,46507,Indianapolis,IN,46240,GOSHEN,IN,158570,128000,9/26/2003,2003,504,3.25,1,240,722211,ELKHART,IN,INDIVIDUAL,1,4/2/2008,78709,Midwest,72,5016,286570,0.274658897,55,YES,YES
40248,SPICER,MN,56288,St. Cloud,MN,56301,NA,NA,NA,103000,9/26/2003,2003,504,3.25,1,240,447110,KANDIYOHI,MN,CORPORATION,0,NA,0,Midwest,44,5016,103000,NA,240,YES,YES
40252,SPANAWAY,WA,98387,Spokane Valley,WA,99212,Olympia,WA,241523,177000,9/26/2003,2003,504,3.25,1,240,447110,PIERCE,WA,CORPORATION,0,NA,0,West,44,5016,418523,NA,240,YES,YES
40266,ST. PAUL,MN,55102,Arden Hills,MN,55112,SAINT PAUL,MN,450000,371000,9/26/2003,2003,504,3.25,1,240,611430,RAMSEY,MN,CORPORATION,1,9/28/2009,321911,Midwest,61,5016,821000,0.392096224,73,YES,YES
40290,BAKERSFIELD,CA,93301,Bakersfield,CA,93301,SAN FRANCISCO,CA,350276,254000,9/29/2003,2003,504,3.25,1,240,421840,KERN,CA,CORPORATION,0,NA,0,West,42,5019,604276,NA,240,YES,YES
40305,PHOENIX,AZ,85032,Phoenix,AZ,85012,SAN DIEGO,CA,290000,212000,9/30/2003,2003,ALP,3.25,1,240,621111,MARICOPA,AZ,CORPORATION,0,NA,0,West,62,5020,502000,NA,240,YES,YES
40327,ACWORTH,GA,31002,Montgomery,AL,36117,TEMECULA,CA,1181000,1181000,9/30/2003,2003,504,3.25,1,240,721110,CHEROKEE,GA,INDIVIDUAL,1,3/22/2006,849929,South,72,5020,2362000,0.359834462,30,NO,YES
40362,FARGO,ND,58102,Fargo,ND,58104,HANNAFORD,ND,89445,75000,10/2/2003,2004,ALP,3.25,1,240,561422,CASS,ND,CORPORATION,0,NA,0,Midwest,56,5022,164445,NA,240,YES,YES
40422,MURRIETA,CA,92563,San Diego,CA,92106,ESCONDIDO,CA,4.00E+05,330000,10/14/2003,2004,ALP,3.25,1,240,621111,RIVERSIDE,CA,CORPORATION,0,NA,0,West,62,5034,730000,NA,240,YES,YES
40473,INDIO,CA,92201,San Diego,CA,92106,TEMECULA,CA,110000,1056000,10/21/2003,2004,ALP,3.25,1,240,721110,RIVERSIDE,CA,CORPORATION,0,NA,0,West,72,5041,1166000,NA,240,YES,YES
40485,HOUSTON,TX,77004,Austin,TX,78762,THE WOODLANDS,TX,284000,237000,10/22/2003,2004,504,3.25,1,240,234910,HARRIS,TX,CORPORATION,0,NA,0,South,23,5042,521000,NA,240,YES,YES
40507,MIAMI,FL,33125,Lake Worth,FL,33467,MIAMI,FL,875000,720000,10/24/2003,2004,504,3.25,1,240,541110,DADE,FL,CORPORATION,0,NA,0,South,54,5044,1595000,NA,240,YES,YES
40517,TWIN FALLS,ID,83301,Twin Falls,ID,83303,Twin Falls,ID,165000,137000,10/27/2003,2004,504,3.25,1,240,484121,TWIN FALLS,ID,CORPORATION,0,NA,0,West,48,5047,302000,NA,240,YES,YES
40539,LA MIRADA,CA,90638,La Habra,CA,90631,SIOUX FALLS,SD,735000,386000,10/29/2003,2004,504,3.25,1,240,811490,LOS ANGELES,CA,INDIVIDUAL,0,NA,0,West,81,5049,1121000,NA,240,YES,YES
40552,PORTLAND,ME,4103,Portland,ME,4101,LEWISTON,ME,8.00E+05,739000,10/30/2003,2004,504,3.25,1,240,323110,CUMBERLAND,ME,CORPORATION,0,NA,0,Northeast,32,5050,1539000,NA,240,YES,YES
40562,LAWRENCE,MA,1840,Wakefield,MA,1880,EVERETT,MA,650000,535000,10/31/2003,2004,504,3.25,1,240,321911,ESSEX,MA,CORPORATION,0,NA,0,Northeast,32,5051,1185000,NA,240,YES,YES
40586,EVERETT,WA,98203,Spokane Valley,WA,99212,CHARLOTTE,NC,225000,203000,11/4/2003,2004,ALP,3.25,1,240,452990,SNOHOMISH,WA,INDIVIDUAL,0,NA,0,West,45,5055,428000,NA,240,YES,YES
40671,UPLAND,CA,91786,Santa Ana,CA,92705,SALT LAKE CITY,UT,420000,355000,11/18/2003,2004,504,3.25,1,240,522310,SAN BERNARDINO,CA,CORPORATION,0,NA,0,West,52,5069,775000,NA,240,YES,YES
40725,MUKILTEO,WA,98275,Spokane Valley,WA,99212,SAN FRANCISCO,CA,861000,691000,11/25/2003,2004,504,3.25,1,240,441229,SNOHOMISH,WA,CORPORATION,0,NA,0,West,44,5076,1552000,NA,240,YES,YES
40731,DERRY (CENSUS NAME FOR DERRY C,NH,3053,Portsmouth,NH,3801,WILMINGTON,DE,6.00E+05,494000,11/25/2003,2004,ALP,3.25,1,240,811219,ROCKINGHAM,NH,CORPORATION,0,NA,0,Northeast,81,5076,1094000,NA,240,YES,YES
40742,HOUSTON,TX,77043,Austin,TX,78762,HOUSTON,TX,1760000,1300000,11/26/2003,2004,504,3.25,1,240,335224,HARRIS,TX,CORPORATION,1,9/13/2011,1285969,South,33,5077,3060000,0.420251307,94,YES,YES
40743,COLUMBIA,MD,21045,Glen Burnie,MD,21061,LITITZ,PA,3.00E+05,261000,11/26/2003,2004,ALP,3.25,1,240,524210,HOWARD,MD,CORPORATION,0,NA,0,South,52,5077,561000,NA,240,YES,YES
40793,SALT LAKE CITY,UT,84103,Salt Lake City,UT,84109,PROVO,UT,127000,108000,12/4/2003,2004,504,3.25,1,240,561330,SALT LAKE,UT,CORPORATION,0,NA,0,West,56,5085,235000,NA,240,YES,YES
40865,SKIATOOK,OK,74070,Tulsa,OK,74119,OWASSO,OK,607255,502000,12/12/2003,2004,504,3.25,1,240,332911,TULSA,OK,INDIVIDUAL,0,NA,0,South,33,5093,1109255,NA,240,YES,YES
40873,ROWLETT,TX,75032,Austin,TX,78762,SAN FRANCISCO,CA,924000,590000,12/12/2003,2004,504,3.25,1,240,624410,DALLAS,TX,CORPORATION,0,NA,0,South,62,5093,1514000,NA,240,YES,YES
40974,POWAY,CA,92064,San Diego,CA,92106,SIOUX FALLS,SD,1520000,711000,12/24/2003,2004,ALP,3.25,1,240,451110,SAN DIEGO,CA,CORPORATION,0,NA,0,West,45,5105,2231000,NA,240,YES,YES
41021,MONEE,IL,60449,University Park,IL,60466,ITASCA,IL,454000,331000,1/7/2004,2004,504,3.25,1,240,541940,WILL,IL,CORPORATION,0,NA,0,Midwest,54,5119,785000,NA,240,YES,YES
41105,RANCHO MIRAGE,CA,92270,San Diego,CA,92106,PASADENA,CA,925000,762000,1/15/2004,2004,504,3.25,1,240,621340,RIVERSIDE,CA,CORPORATION,1,6/22/2012,637067,West,62,5127,1687000,0.377633076,102,YES,YES
41232,RIALTO,CA,92377,San Diego,CA,92106,#N/A,#N,437500,361000,1/30/2004,2004,PCLP,3.25,1,240,238990,RIVERSIDE,CA,CORPORATION,0,NA,0,West,23,5142,798500,NA,240,YES,YES
41290,MIAMI,FL,33014,Tallahassee,FL,32315,SAN DIEGO,CA,561000,443000,2/9/2004,2004,ALP,3.25,1,120,621512,DADE,FL,CORPORATION,1,9/2/2009,395755,South,62,5152,1004000,0.394178287,67,YES,YES
41341,MOORESVILLE,NC,28117,Charlotte,NC,28204,WINSTON SALEM,NC,840000,694000,2/12/2004,2004,ALP,3.25,1,240,444130,IREDELL,NC,CORPORATION,0,NA,0,South,44,5155,1534000,NA,240,YES,YES
41345,ISLANDIA,NY,11788,Albany,NY,12207,WILMINGTON,DE,1734000,1000000,2/12/2004,2004,ALP,3.25,1,240,541211,SUFFOLK,NY,CORPORATION,0,NA,0,Northeast,54,5155,2734000,NA,240,YES,YES
41347,BOYNTON BEACH,FL,33436,Lake Worth,FL,33467,ATLANTA,GA,162176,135000,2/13/2004,2004,ALP,3.25,1,240,453998,PALM BEACH,FL,CORPORATION,0,NA,0,South,45,5156,297176,NA,240,YES,YES
41360,ALBUQUERQUE,NM,87113,Albuquerque,NM,87109,ALBUQUERQUE,NM,158000,159000,2/18/2004,2004,PCLP,3.25,1,240,541330,BERNALILLO,NM,CORPORATION,0,NA,0,West,54,5161,317000,NA,240,YES,YES
41363,ARCADIA,CA,91006,San Diego,CA,92106,SAN FRANCISCO,CA,250000,207000,2/18/2004,2004,PCLP,3.25,1,240,532490,LOS ANGELES,CA,CORPORATION,0,NA,0,West,53,5161,457000,NA,240,YES,YES
41374,HONOLULU,HI,96813,Honolulu,HI,96813,HONOLULU,HI,370800,384000,2/19/2004,2004,504,3.25,1,240,541410,HONOLULU,HI,CORPORATION,0,NA,0,West,54,5162,754800,NA,240,YES,YES
41447,GOODYEAR (LITCHDIELD),AZ,85338,Phoenix,AZ,85012,SAN DIEGO,CA,450000,327000,2/25/2004,2004,ALP,3.25,1,240,713950,MARICOPA,AZ,CORPORATION,0,NA,0,West,71,5168,777000,NA,240,YES,YES
41496,CAMPBELLSVILLE,KY,42743,Louisville,KY,40202,LOUISVILLE,KY,92250,78000,3/2/2004,2004,504,3.25,1,240,238350,TAYLOR,KY,CORPORATION,1,9/26/2008,78204,South,23,5174,170250,0.459348018,55,YES,YES
41536,SAN JOSE,CA,95111,San Francisco,CA,94133,SAN JOSE,CA,732500,605000,3/4/2004,2004,ALP,3.25,1,240,235990,SANTA CLARA,CA,CORPORATION,1,11/26/2012,121796,West,23,5176,1337500,0.09106243,106,YES,YES
41546,SHREWSBURY,MO,63119,St. Louis,MO,63105,SAINT LOUIS,MO,252500,210000,3/5/2004,2004,ALP,3.25,1,240,441120,SAINT LOUIS,MO,CORPORATION,0,NA,0,Midwest,44,5177,462500,NA,240,YES,YES
41559,SHELDON,IA,51201,Sioux City,IA,51101,HULL,IA,790500,831000,3/8/2004,2004,504,3.25,1,240,424470,OBRIEN,IA,CORPORATION,1,5/30/2007,862142,Midwest,42,5180,1621500,0.53169411,39,YES,YES
41600,OWASSO,OK,74055,Tulsa,OK,74119,CLAREMORE,OK,1435835,558000,3/11/2004,2004,504,3.25,1,240,311615,OKLAHOMA,OK,CORPORATION,0,NA,0,South,31,5183,1993835,NA,240,YES,YES
41639,EAGLE BRIDGE,NY,12057,Albany,NY,12207,CLEVELAND,OH,307500,256000,3/12/2004,2004,504,3.25,1,240,493190,RENSSELAER,NY,INDIVIDUAL,1,9/20/2010,226260,Northeast,49,5184,563500,0.401526176,79,YES,YES
41645,LOS ANGELES,CA,90040,San Diego,CA,92106,ANAHEIM,CA,464800,384000,3/12/2004,2004,PCLP,3.25,1,240,488410,LOS ANGELES,CA,CORPORATION,0,NA,0,West,48,5184,848800,NA,240,YES,YES
41770,CARLSBAD,CA,92009,Denver,CO,80202,PASADENA,CA,960000,791000,3/25/2004,2004,PCLP,3.25,1,240,325412,SAN DIEGO,CA,CORPORATION,0,NA,0,West,32,5197,1751000,NA,240,NO,YES
41855,COLORADO SPRINGS,CO,80906,Colorado Springs,CO,80903,NEW YORK CITY,NY,4762500,1300000,3/31/2004,2004,504,3.25,1,240,441110,EL PASO,CO,CORPORATION,0,NA,0,West,44,5203,6062500,NA,240,YES,YES
41886,BARRE,VT,5641,Montpelier,VT,5602,SOUTH BURLINGTON,VT,78500,58000,4/5/2004,2004,504,3.25,1,120,445110,WASHINGTON,VT,CORPORATION,0,NA,0,Northeast,44,5208,136500,NA,120,YES,YES
41915,CHIPLEY,FL,32428,Tallahassee,FL,32315,GULFPORT,MS,880029,636000,4/7/2004,2004,ALP,3.25,1,240,722110,WASHINGTON,FL,CORPORATION,1,11/19/2008,610573,South,72,5210,1516029,0.402744934,56,YES,YES
41919,NEWTOWN SQUARE,PA,19073,Exton,PA,19341,CHARLOTTE,NC,7.00E+05,514000,4/7/2004,2004,ALP,3.25,1,240,424810,DELAWARE,PA,CORPORATION,0,NA,0,Northeast,42,5210,1214000,NA,240,YES,YES
41934,HAZEL CREST,IL,60429,Springfield,IL,62704,SIOUX FALLS,SD,5.00E+05,455000,4/8/2004,2004,ALP,3.25,1,240,621112,COOK,IL,CORPORATION,0,NA,0,Midwest,62,5211,955000,NA,240,YES,YES
41951,MURRIETA,CA,92563,San Diego,CA,92106,LOS ANGELES,CA,152000,138000,4/9/2004,2004,ALP,3.25,1,240,621111,RIVERSIDE,CA,CORPORATION,0,NA,0,West,62,5212,290000,NA,240,YES,YES
41963,JACKSON,NH,3846,Portsmouth,NH,3801,BERLIN,NH,860000,555000,4/12/2004,2004,ALP,3.25,1,240,721110,CARROLL,NH,CORPORATION,0,NA,0,Northeast,72,5215,1415000,NA,240,YES,YES
41987,SACRAMENTO,CA,95814,North Highlands,CA,95660,TEMECULA,CA,340000,282000,4/13/2004,2004,504,3.25,1,240,453998,SACRAMENTO,CA,INDIVIDUAL,0,NA,0,West,45,5216,622000,NA,240,YES,YES
41991,SAN FRANCISCO,CA,94117,Walnut Creek,CA,94596,RICHMOND,CA,NA,789000,4/13/2004,2004,ALP,3.25,1,240,238110,SAN FRANCISCO,CA,CORPORATION,0,NA,0,West,23,5216,789000,NA,240,YES,YES
42027,PLANO,TX,75094,Austin,TX,78746,NA,NA,NA,901000,4/15/2004,2004,504,3.25,1,240,445299,COLLIN,TX,CORPORATION,0,NA,0,South,44,5218,901000,NA,240,YES,YES
42084,PROVO,UT,84601,Salt Lake City,UT,84109,NA,NA,NA,171000,4/22/2004,2004,504,3.25,1,240,441120,UTAH,UT,CORPORATION,1,2/2/2010,149248,West,44,5225,171000,0.872795322,70,YES,YES
42154,DELRAY BEACH,FL,33445,Lake Worth,FL,33467,CHARLOTTE,NC,246220,203000,4/29/2004,2004,504,3.25,1,240,453110,PALM BEACH,FL,CORPORATION,1,7/27/2011,162291,South,45,5232,449220,0.361272873,88,YES,YES
42162,CARLSBAD,CA,92009,San Diego,CA,92106,SAN DIEGO,CA,NA,499000,4/29/2004,2004,ALP,3.25,1,240,334512,SAN DIEGO,CA,CORPORATION,0,NA,0,West,33,5232,499000,NA,240,YES,YES
42204,MANCHESTER,NH,3102,Portsmouth,NH,3801,WILMINGTON,DE,550000,452000,5/4/2004,2004,ALP,3.25,1,240,441120,HILLSBOROUGH,NH,CORPORATION,0,NA,0,Northeast,44,5237,1002000,NA,240,YES,YES
42252,SACRAMENTO,CA,95829,North Highlands,CA,95660,ROCKLIN,CA,315000,160000,5/10/2004,2004,504,3.25,1,240,327991,SACRAMENTO,CA,CORPORATION,0,NA,0,West,32,5243,475000,NA,240,YES,YES
42305,NASHUA,NH,3060,Portsmouth,NH,3801,BRIDGEPORT,CT,620000,612000,5/14/2004,2004,ALP,3.25,1,240,441110,HILLSBOROUGH,NH,CORPORATION,1,8/13/2009,0,Northeast,44,5247,1232000,0,63,YES,YES
42314,PHOENIX,AZ,85023,Tuscon,AZ,85711,SAN FRANCISCO,CA,980040,656000,5/17/2004,2004,ALP,3.25,1,240,447110,MARICOPA,AZ,CORPORATION,0,NA,0,West,44,5250,1636040,NA,240,YES,YES
42344,HOUSTON,TX,77041,Houston,TX,77027,HOUSTON,TX,7.00E+05,578000,5/19/2004,2004,504,3.25,1,240,421130,HARRIS,TX,CORPORATION,0,NA,0,South,42,5252,1278000,NA,240,YES,YES
42354,JACKSONVILLE,FL,32225,Jacksonville,FL,32256,COLUMBUS,GA,101399,77000,5/20/2004,2004,504,3.25,1,240,238220,DUVAL,FL,CORPORATION,1,12/13/2010,62548,South,23,5253,178399,0.350607346,79,YES,YES
42450,SCHOFIELD,WI,54476,Monona,WI,53716,WESTON,WI,1541000,952000,5/28/2004,2004,504,3.25,1,240,721110,MARATHON,WI,CORPORATION,1,1/30/2012,764406,Midwest,72,5261,2493000,0.306620939,93,YES,YES
42500,GUNTERSVILLE,AL,35976,Birmingham,AL,35209,TUPELO,MS,566500,468000,6/4/2004,2004,504,3.25,1,240,332999,MARSHALL,AL,CORPORATION,1,9/30/2008,342068,South,33,5268,1034500,0.330660222,52,YES,YES
42540,RENO,NV,89511,Las Vegas,NV,89144,RENO,NV,145000,107000,6/9/2004,2004,ALP,3.25,1,240,561710,WASHOE,NV,CORPORATION,0,NA,0,West,56,5273,252000,NA,240,YES,YES
42578,ITASCA,IL,60143,Springfield,IL,62704,WINFIELD,IL,5.00E+05,418000,6/16/2004,2004,ALP,3.25,1,240,561730,DUPAGE,IL,CORPORATION,0,NA,0,Midwest,56,5280,918000,NA,240,YES,YES
42600,DULUTH,GA,30097,Atlanta,GA,30339,WINSTON SALEM,NC,855500,711000,6/18/2004,2004,ALP,3.25,1,240,722320,GWINNETT,GA,CORPORATION,1,3/14/2012,615435,South,72,5282,1566500,0.392872646,94,YES,YES
42607,CENTRAL SQUARE,NY,13036,Albany,NY,12207,BUFFALO,NY,105000,89000,6/18/2004,2004,504,3.25,1,240,621340,OSWEGO,NY,CORPORATION,0,NA,0,Northeast,62,5282,194000,NA,240,YES,YES
42681,WEST BEND,WI,53095,Monona,WI,53716,HARTFORD,WI,838500,688000,6/28/2004,2004,504,3.25,1,240,721110,WASHINGTON,WI,CORPORATION,0,NA,0,Midwest,72,5292,1526500,NA,240,YES,YES
42693,DENVER,CO,80202,Denver,CO,80203,WATERTOWN,SD,360000,296000,6/29/2004,2004,504,3.25,1,240,453110,DENVER,CO,CORPORATION,0,NA,0,West,45,5293,656000,NA,240,YES,YES
42708,WILLOW SPRINGS,IL,60480,Chicago,IL,60605,ROBBINSVILLE,NJ,1085000,790000,6/30/2004,2004,ALP,3.25,1,240,424710,COOK,IL,CORPORATION,1,3/31/2008,822109,Midwest,42,5294,1875000,0.438458133,45,YES,YES
42730,MEXICO,MO,65265,Columbia,MO,65201,MEXICO,MO,6.00E+05,373000,7/1/2004,2004,504,3.25,1,240,721110,AUDRAIN,MO,INDIVIDUAL,0,NA,0,Midwest,72,5295,973000,NA,240,YES,YES
42786,BRIGHAM CITY,UT,84302,Ogden,UT,84405,SALT LAKE CITY,UT,608119,539000,7/9/2004,2004,504,3.25,1,240,441210,BOX ELDER,UT,CORPORATION,1,12/7/2012,429894,West,44,5303,1147119,0.374759724,102,YES,YES
42836,FORT MYERS,FL,33901,Fort Myers,FL,33919,FORT MYERS,FL,1425000,1000000,7/14/2004,2004,504,3.25,1,120,327331,LEE,FL,CORPORATION,0,NA,0,South,32,5308,2425000,NA,120,YES,YES
42873,MANSFIELD,OH,44905,Columbus,OH,43204,#N/A,#N,138500,100000,7/20/2004,2004,504,3.25,1,240,445120,RICHLAND,OH,CORPORATION,0,NA,0,Midwest,44,5314,238500,NA,240,YES,YES
42882,SAN ANTONIO,TX,78254,San Antonio,TX,78210,STILLWATER,OK,420000,388000,7/21/2004,2004,504,3.25,1,240,441222,BEXAR,TX,CORPORATION,0,NA,0,South,44,5315,808000,NA,240,YES,YES
42899,STRASBURG,PA,17579,Exton,PA,19341,LITITZ,PA,1800000,1000000,7/22/2004,2004,ALP,3.25,1,240,721110,LANCASTER,PA,CORPORATION,0,NA,0,Northeast,72,5316,2800000,NA,240,YES,YES
42926,VALENCIA,CA,91355,Davis,CA,95616,CHARLOTTE,NC,1262500,1039000,7/26/2004,2004,ALP,3.25,1,240,421220,LOS ANGELES,CA,PARTNERSHIP,0,NA,0,West,42,5320,2301500,NA,240,YES,YES
42967,HAMILTON,OH,45011,Liberty Township,OH,45044,HAMILTON,OH,640000,526000,7/28/2004,2004,504,3.25,1,240,532412,BUTLER,OH,CORPORATION,0,NA,0,Midwest,53,5322,1166000,NA,240,YES,YES
43023,SUNNYVALE,CA,94085,San Francisco,CA,94133,SIOUX FALLS,SD,975000,803000,8/3/2004,2004,PCLP,3.25,1,240,332710,SANTA CLARA,CA,INDIVIDUAL,0,NA,0,West,33,5328,1778000,NA,240,YES,YES
43077,JACKSONVILLE,FL,32244,Jacksonville,FL,32256,COLUMBUS,GA,1535015,997000,8/11/2004,2004,504,3.25,1,240,624410,DUVAL,FL,CORPORATION,0,NA,0,South,62,5336,2532015,NA,240,YES,YES
43084,JUPITER,FL,33458,Tallahassee,FL,32315,HOUSTON,TX,937900,707000,8/12/2004,2004,ALP,3.25,1,240,621210,PALM BEACH,FL,CORPORATION,0,NA,0,South,62,5337,1644900,NA,240,YES,YES
43128,WICONIA,MN,55387,Arden Hills,MN,55112,NEW ULM,MN,418750,345000,8/17/2004,2004,504,3.25,1,240,238140,HENNEPIN,MN,CORPORATION,1,1/18/2013,266946,Midwest,23,5342,763750,0.349520131,102,YES,YES
43132,LAFAYETTE,LA,70503,Lafayette,LA,70508,RAYNE,LA,3.00E+05,220000,8/17/2004,2004,ALP,3.25,1,120,447110,LAFAYETTE,LA,CORPORATION,0,NA,0,South,44,5342,520000,NA,120,YES,YES
43152,BEMIDJI,MN,56601,St. Cloud,MN,56301,BEMIDJI,MN,220000,178000,8/19/2004,2004,504,3.25,1,240,722110,BELTRAMI,MN,CORPORATION,0,NA,0,Midwest,72,5344,398000,NA,240,YES,YES
43198,DENVER,CO,80223,Denver,CO,80202,KANSAS CITY,MO,775000,639000,8/24/2004,2004,504,3.25,1,240,321991,DENVER,CO,CORPORATION,1,6/5/2012,423434,West,32,5349,1414000,0.299458274,94,YES,YES
43237,TULSA,OK,74145,Tulsa,OK,74119,TULSA,OK,818000,675000,8/30/2004,2004,504,3.25,1,240,326150,TULSA,OK,CORPORATION,0,NA,0,South,32,5355,1493000,NA,240,YES,YES
43295,SLINGER,WI,53086,Monona,WI,53716,WEST BEND,WI,394000,280000,9/3/2004,2004,504,3.25,1,240,332710,WASHINGTON,WI,CORPORATION,0,NA,0,Midwest,33,5359,674000,NA,240,YES,YES
43321,CORONA,CA,92880,San Diego,CA,92106,SAN DIEGO,CA,1025000,844000,9/8/2004,2004,PCLP,3.25,1,240,423840,RIVERSIDE,CA,CORPORATION,0,NA,0,West,42,5364,1869000,NA,240,YES,YES
43322,BREMERTON,WA,98312,Spokane Valley,WA,99212,HOQUIAM,WA,585570,425000,9/8/2004,2004,504,3.25,1,240,447110,KITSAP,WA,CORPORATION,0,NA,0,West,44,5364,1010570,NA,240,YES,YES
43387,SAN ANTONIO,TX,78258,San Antonio,TX,78210,SIOUX FALLS,SD,1189494,959000,9/15/2004,2004,504,3.25,1,240,524210,BEXAR,TX,CORPORATION,0,NA,0,South,52,5371,2148494,NA,240,YES,YES
43398,WESTMINSTER,CO,80030,Denver,CO,80203,NA,NA,NA,504000,9/16/2004,2004,504,3.25,1,240,811192,ADAMS,CO,CORPORATION,1,4/14/2009,484226,West,81,5372,504000,0.960765873,55,YES,YES
43447,SOUTH MILWAUKEE,WI,53172,Monona,WI,53716,OAK CREEK,WI,233000,169000,9/23/2004,2004,504,3.25,1,240,722110,MILWAUKEE,WI,CORPORATION,1,2/6/2009,163278,Midwest,72,5379,402000,0.406164179,53,YES,YES
43469,FAIRHOPE,AL,36532,Birmingham,AL,35209,ROBERTSDALE,AL,102000,104000,9/24/2004,2004,504,3.25,1,240,453220,BALDWIN,AL,INDIVIDUAL,0,NA,0,South,45,5380,206000,NA,240,YES,YES
43472,SUWANEE,GA,30024,Atlanta,GA,30339,DULUTH,GA,694915,508000,9/27/2004,2004,ALP,3.25,1,240,441310,GWINNETT,GA,CORPORATION,0,NA,0,South,44,5383,1202915,NA,240,YES,YES
43490,LISLE,IL,60532,Chicago,IL,60605,CHATHAM,IL,650000,402000,9/28/2004,2004,ALP,3.25,1,240,722110,DUPAGE,IL,CORPORATION,0,NA,0,Midwest,72,5384,1052000,NA,240,YES,YES
43497,CEDAR FALLS,IA,50613,Waterloo,IA,50702,WATERLOO,IA,1719500,750000,9/28/2004,2004,504,3.25,1,240,514210,BLACK HAWK,IA,CORPORATION,0,NA,0,Midwest,51,5384,2469500,NA,240,YES,YES
43513,DOUGLASVILLE,GA,30135,Atlanta,GA,30339,ROSEVILLE,CA,1150000,500000,9/29/2004,2004,ALP,3.25,1,240,445310,DOUGLAS,GA,CORPORATION,0,NA,0,South,44,5385,1650000,NA,240,YES,YES
43526,DUBLIN,CA,94568,Walnut Creek,CA,94596,PLEASANTON,CA,1087500,896000,9/29/2004,2004,ALP,3.25,1,240,811121,ALAMEDA,CA,CORPORATION,0,NA,0,West,81,5385,1983500,NA,240,YES,YES
43551,BOULDER,CO,80301,Denver,CO,80202,BIRMINGHAM,AL,844000,435000,9/30/2004,2004,ALP,3.25,1,240,323110,BOULDER,CO,CORPORATION,0,NA,0,West,32,5386,1279000,NA,240,YES,YES